460`102672`뉴보잉보잉1탄`2013-10-01 00:00:00`2015-08-30 00:00:00`대학로 댕로홀(구.두레홀)`연극`서울`일반석 30,000원`http://ticket.interpark.com/Ticket/Goods/GoodsInfo.asp?GoodsCode=13010043`02)744-5978`http://ticketimage.interpark.com/Play/image/large/13/13010043_p.gif`http://ticketimage.interpark.com/Play/image/etc/15/13010043-02.jpg`127.00216920288673`37.58396562174463``서울 종로구 동숭동 1-78`1930
461`94412`연극 술래잡기 in 대학로`2013-10-25 00:00:00`2015-12-31 00:00:00`우리네 극장`연극`서울`30,000원`http://ticket.interpark.com/Ticket/Goods/GoodsInfo.asp?GoodsCode=13010482`1661-6981`http://www.culture.go.kr/upload/rdf/1397450041729술래잡기_문화포털.jpg`http://ticketimage.interpark.com/Play/ITM/Data/Modify/2015/1/3013.jpg`0`0```0
462`93512`K-POP 홀로그램 콘서트 - 싸이,빅뱅,2NE1`2014-01-18 00:00:00`2015-01-17 00:00:00`Klive(롯데피트인 동대문점)`미술`서울`홈페이지 참조`http://ticket.interpark.com/Ticket/Goods/GoodsInfo.asp?GoodsCode=14000197&tid1=scroll_out&tid2=ranking&tid3=exhibition&tid4=14000197`080-539-8888`http://ticketimage.interpark.com/Play/image/large/14/14000197_p.gif`http://ticketimage.interpark.com/Play/ITM/Data/Modify/2014/1/2477.jpg`127.00706298940615`37.565742924285566`http://www.klive.co.kr/`서울특별시 중구 을지로 264 롯데피트인 동대문점 9층`2314
463`102621`뮤지컬 비밥(Bibap)`2014-02-01 00:00:00`2015-12-31 00:00:00`종로 시네코아`연극`서울`VIP석 60,000원 R석 50,000원 S석 40,000원`http://ticket.interpark.com/Ticket/Goods/GoodsInfo.asp?GoodsCode=14000223`02-766-0815`http://ticketimage.interpark.com/Play/image/large/14/14000223_p.gif`http://ticketimage.interpark.com/Play/ITM/Data/Modify/2013/11/1862.jpg`126.98811467140081`37.5688311510054`http://www.worldbeatvinari.com/vinari-show-location`서울 종로구 관철동 33-1 시네코아`2182
464`102673`보잉보잉2탄－맞바람편`2014-02-08 00:00:00`2015-12-31 00:00:00`대학로 댕로홀(구.두레홀)`연극`서울`일반석 30,000원`http://ticket.interpark.com/Ticket/Goods/GoodsInfo.asp?GoodsCode=14001022`02-744-5978`http://ticketimage.interpark.com/Play/image/large/14/14001022_p.gif`http://ticketimage.interpark.com/Play/image/etc/15/14001022-02.jpg`127.00216920288673`37.58396562174463``서울 종로구 동숭동 1-78`1930
465`95116`연극 룸넘버13`2014-03-01 00:00:00`2015-01-31 00:00:00`극장 가자`연극`서울`30,000원`http://ticket.interpark.com/Ticket/Goods/GoodsInfo.asp?GoodsCode=14001547`070-8780-3407 / 010-2101-2533`http://ticketimage.interpark.com/Play/image/large/14/14001547_p.gif`http://ticketimage.interpark.com/Play/image/etc/14/14001547-03.jpg`127.003278681081`37.5824915972016``서울 종로구 동숭동  1-73 미트모빌딩 5층 `1331
466`102747`룸넘버13`2014-03-01 00:00:00`2015-08-31 00:00:00`극장 가자`연극`서울`일반석 30,000원`http://ticket.interpark.com/Ticket/Goods/GoodsInfo.asp?GoodsCode=14001547`070-8780-3407 / 010-2101-2533`http://ticketimage.interpark.com/Play/image/large/14/14001547_p.gif`http://ticketimage.interpark.com/Play/image/etc/15/14001547-11.jpg`127.003278681081`37.5824915972016``서울 종로구 동숭동  1-73 미트모빌딩 5층 `1331
467`98592`SeMA Collection : 홍승혜의 구축과 증식 (2014년 서울시립미술관, 서울시인재개발원 대외협력전시)`2014-04-04 00:00:00`2015-01-06 00:00:00`서울미술관`미술`서울`무료 / * 2015년 1월 6일까지 전시연장합니다.`http://sema.seoul.go.kr/korean/exhibition/exhibitionView.jsp?seq=340&pDateGubun=ING`유영아 (☎ 02-2124-8954)`http://sema.seoul.go.kr/data/display/DP_340.jpg``126.96324469205399`37.59459579556059`http://www.seoulmuseum.org/`서울 종로구 부암동 201번지`2317
468`94950`꽃보다 댄싱할배`2014-04-22 00:00:00`2015-12-31 00:00:00`마로니에 소극장`연극`서울`일반석 40,000원`http://ticket.interpark.com/Ticket/Goods/GoodsInfo.asp?GoodsCode=14004387`02-764-0686`http://ticketimage.interpark.com/Play/image/large/14/14004387_p.gif`http://ticketimage.interpark.com/Play/image/etc/15/14004387-02.jpg`127.00458279757144`37.58058783913911``서울 종로구 동숭동 130-47`2014
469`99680`DMZ 생태 사진전 ≪생명의 보금자리≫`2014-04-24 00:00:00`2015-03-22 00:00:00`경기도박물관`미술`경기`무 료`http://musenet.ggcf.kr/archives/exhibit/dmz?term=70&ongoing=1&ptype=exhibit`031-956-8303`http://musenet.ggcf.kr/wp-content/uploads/sites/2/2014/04/포스터-684x1024.jpg`http://musenet.ggcf.kr/wp-content/uploads/sites/2/2014/04/강화도-갯벌-1024x682.jpg`127.10853042069812`37.26782123563192`http://www.musenet.or.kr/`경기 용인시 기흥구 상갈동  85`408
470`95409`연극 그녀를 믿지마세요- 대학로`2014-04-30 00:00:00`2015-12-31 00:00:00`대학로 예술공간 유비누리 앱질 전용관`연극`서울`일반석 30,000원`http://ticket.interpark.com/Ticket/Goods/GoodsInfo.asp?GoodsCode=14004023`02-766-0830`http://ticketimage.interpark.com/Play/image/large/14/14004023_p.gif`http://ticketimage.interpark.com/Play/ITM/Data/Register/2014/7/40.jpg`127.0026407401697`37.58297192766732``서울특별시 종로구 대학로8가길 52 빌리지빌딩 3층`2385
471`98309`소장품특별전 '벽'`2014-07-01 00:00:00`2015-06-18 00:00:00`국립현대미술관(과천관)`미술`경기`무료`http://www.mmca.go.kr/exhibitions/exhibitionsDetail.do?menuId=1010000000&exhId=201406300000087`02-2188-6000`http://www.culture.go.kr/upload/rdf/byuck.jpg``127.01993068528743`37.431004962285925`http://www.moca.go.kr/`경기도 과천시 광명로 313-0 국립현대미술관 과천관`985
472`95994`셜록홈즈:진실게임`2014-07-06 00:00:00`2015-12-31 00:00:00`대학로 스카이씨어터`연극`서울`30,000원`http://xn--vk1br5hppx9qddtd.com/univticket/tuniv/ccontents/view.do?rbsIdx=27&contentsCode=20140707002`02)742-7611,2`http://ticketimage.interpark.com/Play/image/large/14/14006854_p.gif`http://xn--vk1br5hppx9qddtd.com/univticket/rbs/data/files/ccontents/1/editor/201503131231520.gif`127.00264923174262`37.58298454138512``서울 종로구 동숭동 1-48`2229
473`99359`현대미술 읽기 : 신소장품 2012`2014-07-15 00:00:00`2015-02-15 00:00:00`국립현대미술관(과천관)`미술`경기`무료`http://www.designdb.com/exhibit/exhibitionView.asp?page=8&eGb=1&sGb=&pGb=&pro=&startDate=&endDate=&sTxt=&oDm=0&oDCd=DESC&searchGb=&frmDate=&viewDay=&page2=1&CURDATE=&eid=27428`02-2188-6000`http://file.designdb.com/exhibit/10/S/13216320140812095801.jpg`http://file.designdb.com/EDITOR/10/13216320140812095746.jpg`127.01993068528743`37.431004962285925`http://www.moca.go.kr/`경기도 과천시 광명로 313-0 국립현대미술관 과천관`985
474`98325`명동호러킹덤 공포테마파크`2014-07-17 00:00:00`2015-12-31 00:00:00`명동 호러킹덤 공포테마파크`미술`서울`성인 15000원 / 청소년 12000원 (단체 20인 이상. 성인 9000원, 청소년 7000원)`http://www.coupang.com/np/products/75758907?q=%EB%AA%85%EB%8F%99%ED%98%B8%EB%9F%AC&rank=1&count=2&eventCategory=SRP&eventLabel=%252Fclick_all_0`02.776.0450`http://www.culture.go.kr/upload/rdf/1416471168732호러킹덤_메인사진_225x282.jpg``126.98410897147595`37.562458835529654`http://www.horrorkingdom.co.kr/`서울특별시 중구 명동4길 25-0 포라리스상가 지하1층 호러킹덤`2524
475`98944`연극 애정빙자사기극 - 대학로 내여페극장`2014-08-05 00:00:00`2015-01-31 00:00:00`내여페극장 (구)우리극장`연극`서울`30,000원`http://ticket.interpark.com/Ticket/Goods/GoodsInfo.asp?GoodsCode=14007800`02-4870-1931`http://ticketimage.interpark.com/Play/image/large/14/14007800_p.gif`http://ticketimage.interpark.com/Play/image/etc/15/14007800-01.jpg`0`0```0
476`98622`2014 교황 프란치스코 방한 기념 특별전 - 천국의 문-`2014-08-15 00:00:00`2015-01-04 00:00:00`국립고궁박물관`미술`서울`성인 12,000원 / 청소년10,000원 / 어린이 8,000원`http://popekorea2014.co.kr/html/`02-780-8635`http://www.gogung.go.kr/image/upload_img/crosseditor/images/000002/20140819161131752_GD5Q50ND.jpg`/upload/editor_upload/1417793387688.jpg`126.97540287828959`37.57717650452814`http://www.gogung.go.kr/``186
477`96998`뮤지컬 오! 당신이 잠든 사이`2014-08-29 00:00:00`2015-01-04 00:00:00`예그린씨어터(구.학전그린)`연극`서울`일반석 45,000원`http://ticket.interpark.com/Ticket/Goods/GoodsInfo.asp?GoodsCode=14008128`02-744-7090`http://ticketimage.interpark.com/Play/image/large/14/14008128_p.gif`http://ticketimage.interpark.com/Play/image/etc/14/14008128_003.jpg`0`0```0
478`102835`토마스 노보트니전`2014-09-02 00:00:00`2015-08-31 00:00:00`화정박물관`미술`서울`4,000원`http://www.hjmuseum.or.kr/museum/exhibition/ready.asp`02-2075-0114`http://www.culture.go.kr/upload/rdf/show_201508411235123828.PNG`/upload/editor_upload/c3d587ad-acf0-4a36-a173-7e6de296e211.PNG`126.96608004916536`37.604545835944094`http://www.hjmuseum.or.kr/museum/main.asp`서울특별시 종로구 평창8길 3 화정박물관`2693
479`97666`2014 현장제작작품설치 프로젝트 '초자연'`2014-09-02 00:00:00`2015-01-18 00:00:00`국립현대미술관(서울관)`미술`서울`4,000원`http://www.mmca.go.kr/exhibitions/exhibitionsDetail.do?menuId=1010000000&exhId=201409010000123`02-3701-9500`http://www.mmca.go.kr/upload/exhibition/2014/09/2014090105283916913897.jpg``126.98059586166018`37.5794474770284`http://www.mmca.go.kr/`서울 종로구 소격동 국립현대미술관 서울관`2290
480`99365`스튜디오 지브리 입체조형전`2014-09-03 00:00:00`2015-03-01 00:00:00`용산아이파크몰`미술`서울`대인(만 19세 이상) 15,000원 소인(24개월 이상~만 18세 이하) 12,000원`http://ticket.interpark.com/Ticket/Goods/GoodsInfo.asp?GoodsCode=14008471`1688-6875`http://www.culture.go.kr/upload/rdf/2015-01-20 15;25;15.PNG`/upload/editor_upload/1421730744263.jpg`126.96474274881271`37.5297699998206`http://www.iparkmall.co.kr/`서울특별시 용산구 한강대로23길 55-0 용산아이파크몰`2557
481`98328`별에서 온 그대 드라마 체험전`2014-09-05 00:00:00`2015-08-31 00:00:00`킨텍스(KINTEX)`미술`경기`성인 15,000원 / 학생 10,000원 / 미취학 아동 무료`http://lovefromstar.sbs.co.kr/`070-8260-8807`http://www.culture.go.kr/upload/rdf/star1.PNG`/upload/editor_upload/1416472453620.PNG`126.74620600273593`37.66896479748082`http://www.kintex.com/`경기 고양시 일산서구 대화동 킨텍스 2600번지 `2151
482`99477`이배 '하늘로 흐르는 강'`2014-09-12 00:00:00`2015-01-25 00:00:00`대구미술관`미술`대구``http://www.daeguartmuseum.org/exhibition/pop_exhibition1.html?sid=57&gubun=1&bbs_start=`053-790-3000`http://www.daeguartmuseum.org/DATA/program/201409050551462637.jpg`http://www.daeguartmuseum.org/DATA/upload/images/201412021528463883.jpg`128.67433904966737`35.82702837924985`http://www.daeguartmuseum.org`대구광역시 수성구 미술관로 40-0 대구미술관`2560
483`99556`모래랑 빛이랑`2014-09-16 00:00:00`2015-02-15 00:00:00`KBS수원아트홀`미술`경기`체험권(어른/어린이 균일가) 17,000원 // 옐로페이 (2만원 이상 결제시) 1,000원 할인`http://www.kbssuwonart.co.kr/bbs/?act=bbs&subAct=view&bid=0202&page=1&order_index=intSeq&order_type=desc&list_style=webzine&seq=1606`1644-4906`http://www.culture.go.kr/upload/rdf/14008883_p.gif`http://www.kbssuwonart.co.kr/bbs/pds/board/2/images/모래랑빛이랑.jpg`127.0320433110627`37.2693073219088`http://www.kbssuwonart.co.kr/`경기 수원시 팔달구 인계동300∼379 468 KBS수원아트홀`2608
484`95937`뮤지컬 백설공주를 사랑한 난장이`2014-09-16 00:00:00`2015-01-11 00:00:00`대학로 아트원씨어터`연극`서울`R석 50,000원 S석 30,000원`http://ticket.interpark.com/Ticket/Goods/GoodsInfo.asp?GoodsCode=14008228`02-556-5910`http://ticketimage.interpark.com/Play/image/large/14/14008228_p.gif`http://ticketimage.interpark.com/Play/image/etc/14/14008228-02.jpg`127.00394883185228`37.58026434702272``서울 종로구 동숭동  1-75 대학로 아트원씨어터`1332
485`99475`아트라운지 : 소장품展`2014-09-20 00:00:00`2015-02-01 00:00:00`대구미술관`미술`대구``http://www.daeguartmuseum.org/exhibition/pop_exhibition1.html?sid=59&gubun=1&bbs_start=`053-790-3000`http://www.daeguartmuseum.org/DATA/program/201412020429149501.jpg`http://www.daeguartmuseum.org/DATA/upload/images/201412021640235081.jpg`128.67433904966737`35.82702837924985`http://www.daeguartmuseum.org`대구광역시 수성구 미술관로 40-0 대구미술관`2560
486`99476`아시아 현대 사진 : 왕칭송 · 정연두`2014-09-20 00:00:00`2015-02-01 00:00:00`대구미술관`미술`대구``http://www.daeguartmuseum.org/exhibition/pop_exhibition1.html?sid=56&gubun=1&bbs_start=`053-790-3000`http://www.daeguartmuseum.org/DATA/program/201409050553007684.jpg`http://www.daeguartmuseum.org/DATA/upload/images/201412021451333762.jpg`128.67433904966737`35.82702837924985`http://www.daeguartmuseum.org`대구광역시 수성구 미술관로 40-0 대구미술관`2560
487`97664`사진소장품 주제전 '사진의 기술'`2014-09-23 00:00:00`2015-04-19 00:00:00`국립현대미술관(과천관)`미술`경기`무료`http://www.mmca.go.kr/exhibitions/exhibitionsDetail.do?menuId=1010000000&exhId=201409230000147`02-288-6000`http://www.mmca.go.kr/upload/exhibition/2014/09/2014092301225075211967.jpg``127.01993068528743`37.431004962285925`http://www.moca.go.kr/`경기도 과천시 광명로 313-0 국립현대미술관 과천관`985
488`97665`테크놀로지와 예술의 조화_건축가 김종성`2014-09-23 00:00:00`2015-04-26 00:00:00`국립현대미술관(과천관)`미술`경기`무료`http://www.mmca.go.kr/exhibitions/exhibitionsDetail.do?menuId=1010000000&exhId=201409240000150`02-288-6000`http://www.mmca.go.kr/upload/exhibition/2014/09/2014092404344773718719.jpg``127.01993068528743`37.431004962285925`http://www.moca.go.kr/`경기도 과천시 광명로 313-0 국립현대미술관 과천관`985
489`96631`로맨틱코미디 NO.1 연극[극적인하룻밤]`2014-09-26 00:00:00`2015-12-31 00:00:00`대학로 바탕골 소극장`연극`서울`일반석 30,000원`http://ticket.interpark.com/Ticket/Goods/GoodsInfo.asp?GoodsCode=14009113`02-764-8760`http://ticketimage.interpark.com/Play/image/large/14/14009113_p.gif`/upload/editor_upload/2a491507-7f02-445b-9ae8-568ea3edf994.jpg`127.00257222124543`37.58189335075169`http://blog.naver.com/concertland1`서울 종로구 동숭동 1-60번지`2128
490`99709`가마터 발굴, 그 10년의 여정`2014-09-26 00:00:00`2015-03-29 00:00:00`경기도자박물관`미술`경기``https://www.ggcm.or.kr:444/exhi/pl_view.asp?idx=54&pageno=1&goto=`031-799-1500`https://www.ggcm.or.kr:444/godata/j_img01/gama2-4.jpg`https://www.ggcm.or.kr:444/gofiles/gama1-3(3).jpg`127.32703750810062`37.350590617040055`http://www.ggcm.or.kr/`경기도 광주시 경충대로 727-0 경기도자박물관`2576
491`97662`국립현대미술관 현대차 시리즈 2014: 이불`2014-09-30 00:00:00`2015-03-01 00:00:00`국립현대미술관(서울관)`미술`서울`4,000원``02-3701-9500`http://www.mmca.go.kr/upload/exhibition/2014/09/2014090504493112116285.jpg``126.98059586166018`37.5794474770284`http://www.mmca.go.kr/`서울 종로구 소격동 국립현대미술관 서울관`2290
492`103629`동요콘서트 구름빵 - 대학로`2014-10-01 00:00:00`2015-09-30 00:00:00`예술극장 나무와 물`연극`서울`일반석(균일) 25,000원`http://ticket.interpark.com/Ticket/Goods/GoodsInfo.asp?GoodsCode=14010609`1666-5795 `http://ticketimage.interpark.com/Play/image/large/14/14010609_p.gif`http://ticketimage.interpark.com/Play/ITM/Data/Register/2014/10/78.jpg`127.0003667965381`37.584873811683025`http://www.treeandwater.com/ `서울 종로구 명륜동2가  8-1 `1448
493`98184`파리 앵포르멜 미술을 만나다 : 이응노, 한스 아르퉁, 피에르 술라주, 자오우키`2014-10-07 00:00:00`2015-02-01 00:00:00`이응노미술관`미술`대전``http://ungnolee.daejeon.go.kr/ungnolee/exhibition/01/exhibition.01.001.board`042-611-9821`http://www.culture.go.kr/upload/rdf/resize.jpg`/upload/editor_upload/1415856897539.PNG`127.38809770000282`36.36805117407364`http://ungnolee.daejeon.go.kr/`대전 서구 만년동 396`1151
494`98575`12간지 레이스: Art-born animals`2014-10-07 00:00:00`2015-02-08 00:00:00`서울시립미술관 북서울미술관`미술`서울`무료`http://sema.seoul.go.kr/korean/exhibition/exhibitionView.jsp?seq=367&pDateGubun=ING`김혜진 (☎ 02-2124-5269)`http://sema.seoul.go.kr/data/display/DP_367.jpg`http://sema.seoul.go.kr/data/display/DP_1138_DP4_1138.jpg`127.06711084341818`37.64011702188844`http://sema.seoul.go.kr/korean/information/bukseoul.jsp`서울 노원구 중계동  508`2554
495`97661`한국현대미술작가 [황종례_부드러운 힘]`2014-10-07 00:00:00`2015-02-01 00:00:00`국립현대미술관(과천관)`미술`경기`2,000원`http://www.mmca.go.kr/exhibitions/exhibitionsDetail.do?menuId=1010000000&exhId=201409020000125`02-2188-6000`http://www.mmca.go.kr/upload/exhibition/2014/10/2014100710055315213746.jpg``127.01993068528743`37.431004962285925`http://www.moca.go.kr/`경기도 과천시 광명로 313-0 국립현대미술관 과천관`985
496`102774`연애유발코미디 연극〈엽기적인 그녀〉`2014-10-08 00:00:00`2015-10-18 00:00:00`레몬아트홀(구 아츠플레이씨어터)`연극`서울`일반석 30,000원 센터석 30,000원`http://ticket.interpark.com/Ticket/Goods/GoodsInfo.asp?GoodsCode=14011390`02-763-9995`http://ticketimage.interpark.com/Play/image/large/14/14011390_p.gif`http://ticketimage.interpark.com/Play/image/etc/15/14011390-16.jpg`127.00252241312786`37.58229338908191`http://artsplay.co.kr/`서울 종로구 동숭동 1-58`2155
497`101085`수상한 흥신소 2탄`2014-10-08 00:00:00`2015-12-31 00:00:00`익스트림씨어터3관`연극`서울`전석 30,000원`http://ticket.interpark.com/Ticket/Goods/GoodsInfo.asp?GoodsCode=14010313`익스트림플레이 070-8129-7420`http://www.culture.go.kr/upload/rdf/14276936963772.jpg`http://ticketimage.interpark.com/Play/image/etc/15/14010313-05.jpg`126.99784892772155`37.58252144087198`http://cafe.naver.com/extremeplay2010`서울 종로구 명륜동4가 198-3 B1`2618
498`99486`세종대왕, 한글문화 시대를 열다`2014-10-09 00:00:00`2015-03-01 00:00:00`국립한글박물관`미술`서울``http://www.hangeul.go.kr/specialExh/specialExhView.do?curr_menu_cd=0102020100&pageIndex=1&target=1&no=1`02-2124-6200`http://www.hangeul.go.kr/upload/namo/images/000001/기획전시_1.png`http://www.hangeul.go.kr/upload/namo/images/000001/기획전시_1.png`126.98082022804009`37.52121148114463`http://www.hangeul.go.kr/`서울 용산구 용산동6가  168-6`2562
499`97784`전국 야외조각 초대展 ·Ⅲ부`2014-10-09 00:00:00`2015-01-31 00:00:00`울산광역시문화예술회관`미술`울산`무료`http://www.ucac.or.kr/info01_view.html?p_team=exh&pfmIng=1&p_idx=2013`052)226-8251~3`http://www.culture.go.kr/upload/rdf/pImg2013_1.jpg``129.327074174873`35.5428966574288`http://www.ucac.or.kr/`울산 남구 달동 울산문화예술회관 413-13`142
500`96950`New Monsters - 괴물이야기`2014-10-11 00:00:00`2015-01-11 00:00:00`고양아람누리 아람미술관`미술`경기`일반 6,000원 / 고양시민 5,000원 / 학생 4,000원`http://www.artgy.or.kr/EH/EH0201V.aspx?showid=0000004310`9031) 960-0180`http://www.culture.go.kr/upload/rdf/1411965215570뉴몬.jpg`http://www.culture.go.kr/upload/editor_upload/1411965089747.JPG`126.77367174352156`37.66059338984375`http://artgy.or.kr/aram/artgallery.aspx`경기도 고양시 일산동구 중앙로 1286 아람누리 아람미술관`2307
501`97184`관객모독`2014-10-11 00:00:00`2015-03-01 00:00:00`대학로극장`연극`서울`비지정석 25,000원`http://ticket.interpark.com/Ticket/Goods/GoodsInfo.asp?GoodsCode=14010461`02-742-8807`http://ticketimage.interpark.com/Play/image/large/14/14010461_p.gif`http://ticketimage.interpark.com/Play/image/etc/14/14010461_014.jpg`127.002585730167`37.5765234699141`http://www.dtheater.or.kr/`서울 종로구 연건동  178-1 마루빌딩 지하1층`2020
502`96089`뮤지컬'황태자 루돌프'`2014-10-11 00:00:00`2015-01-04 00:00:00`디큐브아트센터`연극`서울`VIP석 130,000원 R석 110,000원 S석 80,000원 A석 60,000원`국립국악관현악단&하림 좋은 밤 콘서트 ‘야호(夜好) / 2014.9.24, 10.22, 11.26 국립극장 해오름`1577-6478`http://ticketimage.interpark.com/Play/image/large/14/14008752_p.gif`http://ticketimage.interpark.com/Play/image/etc/14/14008752_000.jpg`126.88921310422226`37.50904708896391`http://www.d3art.co.kr/`서울 구로구 신도림동 360-51 번지`2098
503`97237`픽처플레이 구름빵`2014-10-15 00:00:00`2015-02-15 00:00:00`윤당아트홀`연극`서울`정가 25,000원`http://www.ydart.co.kr/serveb01_s20141015.htm`문화아이콘 02)762-0810`http://www.ydart.co.kr/flash/img/20141015_p.jpg`http://www.ydart.co.kr/img/serve02/20141015_detail.jpg`127.03386699659703`37.52564548777146`http://www.ydart.co.kr/`서울 강남구 신사동  634-10`1184
504`98877`청바지`2014-10-15 00:00:00`2015-02-23 00:00:00`국립민속박물관`미술`서울``http://www.nfm.go.kr/Display/disIng_view.nfm?seq=688`02-3704-3114`http://www.nfm.go.kr/_Upload/EXHIBITION/2014jeans_poster-ss.jpg`/upload/editor_upload/1419578529678.PNG`126.9768506947393`37.58084923772437`http://www.nfm.go.kr/`서울 종로구 세종로  1-1번지(경복궁내)`177
505`97194`빨래`2014-10-16 00:00:00`2015-05-31 00:00:00`대학로 아트센터K (구.원더스페이스)`연극`서울`전석 50,000원`http://artcenterk.co.kr/bbs/board.php?bo_table=month_show&wr_id=58`02-928-3362`http://ticketimage.interpark.com/PlayDictionary/DATA/PlayDic/PlayDicUpload/040001/14/09/0400011409_66879_012.gif`http://artcenterk.co.kr/img/text_23.gif`127.73516066879469`37.88682492877681`http://artcenterk.co.kr/`서울 종로구 혜화동 163-24`1534
506`98843`세바스치앙 살가두 GENESIS 2014 한국 전시`2014-10-16 00:00:00`2015-01-15 00:00:00`세종문화회관`미술`서울`일반 1만5천원 중,고등학생(만13-18세)1만원 초등학생.유아(만4세-12세) 8천원`http://www.sejongpac.or.kr/performance/view.asp?langCode=001&currentYear=2014&currentMonth=12&currentDay=20141224&sval=&currPage=1&performIdx=23164&performCode=etdp1409301332001&listType=2&bcode=&placeCode=&genreCode=&artGroupCode=2004%2C2008%2C2007%2C2001%2C2006%2C2002%2C2003%2C3002%2C2999&menuNum=010101&searchGubun=CALENDAR_DAY`02-722-2267`http://www.sejongpac.or.kr/upload/PERFORM1/141016_art_se218(0).jpg`http://www.sejongpac.or.kr/upload/ckeditor/upload20141021_160522_0686306.jpg`126.97607473848737`37.57222482471085`http://www.sejongpac.or.kr`서울 종로구 세종로  81-3`2760
507`97196`가족뮤지컬＂어린이 넌센스＂`2014-10-17 00:00:00`2015-01-04 00:00:00`한양레퍼토리씨어터`연극`서울`전석 20,000원`http://ticket.interpark.com/Ticket/Goods/GoodsInfo.asp?GoodsCode=14010003`02-741-1234`http://ticketimage.interpark.com/Play/image/large/14/14010003_p.gif`http://ticketimage.interpark.com/Play/image/etc/14/14010003-01.jpg`127.00216920288673`37.58396562174463`http://www.hyrtheatre.com/theater/photo.php`서울 종로구 혜화동  185`1741
508`97197`뮤지컬 코미디 “넌센스”`2014-10-17 00:00:00`2015-01-04 00:00:00`한양레퍼토리씨어터`연극`서울`일반석 40,000원`http://ticket.interpark.com/Ticket/Goods/GoodsInfo.asp?GoodsCode=14009925`02-741-1234`http://ticketimage.interpark.com/Play/image/large/14/14009925_p.gif`http://ticketimage.interpark.com/Play/image/etc/14/14009925-01.jpg`127.00216920288673`37.58396562174463`http://www.hyrtheatre.com/theater/photo.php`서울 종로구 혜화동  185`1741
509`98043`반 고흐: 10년의 기록展`2014-10-18 00:00:00`2015-02-08 00:00:00`용산전쟁기념관`미술`서울`성인 15,000원, 초,중,고 12,000원, 유아 8,000원`http://ticket.interpark.com/Ticket/Goods/GoodsInfo.asp?GoodsCode=14010339`1661-0207`http://ticketimage.interpark.com/Play/image/large/14/14010339_p.gif`http://ticketimage.interpark.com/Play/image/etc/14/14010339-07.jpg`126.97700882024311`37.537063924764304`https://www.warmemo.or.kr/newwm/main-new/main.jsp`서울특별시 용산구 이태원로 29-0 용산전쟁기념관`2114
510`96423`뮤지컬'그날들'`2014-10-21 00:00:00`2015-01-18 00:00:00`대학로 뮤지컬센터`연극`서울`VIP석 110,000원 R석 88,000원 S석 66,000원`http://ticket.interpark.com/Ticket/Goods/GoodsInfo.asp?MN=Y&GroupCode=14009231&strGroupCode=14009231`1544-1555`http://ticketimage.interpark.com/Play/image/large/14/14009231_p.gif`http://ticketimage.interpark.com/Play/image/etc/14/14009231-03.jpg`127.00441085125365`37.58287636949156`http://dmusicalcenter.com/`서울 종로구 동숭동 25-5번지 동숭길 100`2162
511`97411`김수로프로젝트 5탄 - 음악극 '유럽블로그'`2014-10-21 00:00:00`2015-01-18 00:00:00`대학로문화공간 필링(구 이다)`연극`서울`R석 60,000원  S석 40,000원`http://ticket.interpark.com/Ticket/Goods/GoodsInfo.asp?GoodsCode=14010445`02-548-0597~8`http://ticketimage.interpark.com/Play/image/large/14/14010445_p.gif`http://ticketimage.interpark.com/Play/image/etc/14/14010445-08.jpg`127.64495508363252`38.038311327621486`http://www.e-eda.com/`서울 종로구 동숭동  1-75`1763
512`97660`서울관 개관 1주년 기념전 [정원]`2014-10-21 00:00:00`2015-04-26 00:00:00`국립현대미술관(서울관)`미술`서울`서울관 관람권 4,000원`http://www.mmca.go.kr/upload/exhibition/2014/10/2014102203225514215001.jpg`02-3701-9500`http://www.mmca.go.kr/upload/exhibition/2014/10/2014102203225514215001.jpg``126.98059586166018`37.5794474770284`http://www.mmca.go.kr/`서울 종로구 소격동 국립현대미술관 서울관`2290
513`99435`경기명가 기증 출토복식 특별전 -조선의 옷매무새 Ⅳ 《조선왕실 선성군 母子의 특별한 외출》 특별전`2014-10-24 00:00:00`2015-03-01 00:00:00`경기도박물관`미술`경기``http://musenet.ggcf.kr/archives/exhibit/special-trip-of-joseon-royal-familys-prince-and-his-mother?term=70`대표전화 031-288-5300 / 관람안내 031-288-5400`http://musenet.ggcf.kr/wp-content/uploads/sites/2/2014/10/포스터-419x600.jpg`/upload/editor_upload/1421825113045.PNG`127.10853042069812`37.26782123563192`http://www.musenet.or.kr/`경기 용인시 기흥구 상갈동  85`408
514`99589`열정의 시대 : 피카소부터 천경자까지`2014-10-24 00:00:00`2015-02-22 00:00:00`전북도립미술관`미술`전북`예매할인 10%할인 일반개인  10,000원 -> 9,000원  초중고 6,000원 -> 5,400원`http://www.jma.go.kr/korean/SubPage.php?CID=exhibition/exhibitionview.php&s_status=1&dp_gubun=1&dp_id=568`063-290-6888`http://www.culture.go.kr/upload/rdf/2015-01-26 15;00;38.PNG`/upload/editor_upload/1422252301341.jpg`127.10703833802441`35.728041727125635`http://www.jma.go.kr/`전북 완주군 구이면 원기리 1068-7번지 전북도립미술관`2565
515`99445`원더랜드 Wonderland`2014-10-25 00:00:00`2015-02-22 00:00:00`광주시립미술관`미술`광주``http://www.artmuse.gwangju.go.kr/contents.do?S=S26&M=020113000000`062-613-7100`http://211.252.37.150/data/exhibit/image/2014/d-2014-10-1_4.jpg``126.88539064185485`35.18356676073159`http://www.artmuse.gwangju.go.kr/index.jsp`광주 북구 운암동 운암동산34-1`300
516`97653`‘동양東洋’을 수집하다`2014-10-28 00:00:00`2015-01-11 00:00:00`국립중앙박물관`미술`서울``http://www.museum.go.kr/site/main/exhiSpecialTheme/view/past?exhiSpThemId=3513&listType=list`02-2077-9553`http://www.museum.go.kr/uploadfile/ecms/media/special/2015/10/898c2f0453bfaf00c3e753570215dda2.gif``126.99468917608675`37.52055008681608`http://www.museum.go.kr`서울 용산구 서빙고동 135`984
517`98574`변순철 사진전 '전국노래자랑'`2014-10-28 00:00:00`2015-01-04 00:00:00`서울미술관`미술`서울`무료`http://sema.seoul.go.kr/korean/exhibition/exhibitionView.jsp?seq=376&pDateGubun=ING`오유정 (☎ 02-2124-5270)`http://sema.seoul.go.kr/data/display/DP_376.jpg``126.96324469205399`37.59459579556059`http://www.seoulmuseum.org/`서울 종로구 부암동 201번지`2317
518`97656`개암사 괘불`2014-10-28 00:00:00`2015-04-26 00:00:00`국립중앙박물관`미술`서울``http://www.museum.go.kr/site/main/exhiSpecialTheme/view/past?exhiSpThemId=4161&listType=list`02-2077-9493`http://www.museum.go.kr/uploadfile/ecms/media/special/2015/10/7904b6663ef838050f5052f4b7b4d7c5.jpg``126.99468917608675`37.52055008681608`http://www.museum.go.kr`서울 용산구 서빙고동 135`984
519`97827`MFV(MMCA Film and Video) 섬광 혹은 소멸_아티스트필름&비디오`2014-10-29 00:00:00`2015-01-31 00:00:00`국립현대미술관(서울관)`미술`서울`서울관 관람권 4,000원`http://www.mmca.go.kr/exhibitions/exhibitionsDetail.do?menuId=1010000000&exhId=201410290000172`02-3701-9500`http://www.culture.go.kr/upload/rdf/2014102901361881918975.jpg``126.98059586166018`37.5794474770284`http://www.mmca.go.kr/`서울 종로구 소격동 국립현대미술관 서울관`2290
520`98108`호두까기 인형`2014-10-29 00:00:00`2015-01-04 00:00:00`대학로 소리아트홀`연극`서울``http://www.sorihall.com/p3_kid.htm`02-766-2022`http://www.culture.go.kr/upload/rdf/hodu.PNG`http://www.sorihall.com/program/p3_kid/sub2.jpg`127.002078632535`37.5842503337663`http://www.sorihall.com/`서울 종로구 혜화동 90-18 뉴시티빌딩 4층`959
521`97109`그녀를 믿지마세요 - 대구`2014-10-30 00:00:00`2015-03-01 00:00:00`아트플러스씨어터`연극`대구`일반석 30,000원`http://ticket.interpark.com/Ticket/Goods/GoodsInfo.asp?GoodsCode=14010648`053.422.7679`http://ticketimage.interpark.com/Play/image/large/14/14010648_p.gif`http://ticketimage.interpark.com/Play/image/etc/14/14010648-01.jpg`128.59802152232925`35.86908049201389`http://cafe.daum.net/artplustheater/`대구광역시 중구 공평동 16-11 지하1층 소극장`2487
522`99203`감성힐링 뮤지컬 '하늘아'`2014-10-31 00:00:00`2015-01-31 00:00:00`대학로 열린극장`연극`서울`40,000원`http://ticket.interpark.com/Ticket/Goods/GoodsInfo.asp?GoodsCode=14011630`02-743-6474`http://ticketimage.interpark.com/Play/image/large/14/14011630_p.gif`http://ticketimage.interpark.com/Play/ITM/Data/Modify/2014/11/3146.jpg`127.00041663549462`37.583734196865876`http://www.e-stc.or.kr/Front/play/placeUniv_view.asp?no=85&search=%26skind%3Dplp_name%26sword%3D열린극장`서울특별시 종로구 명륜2가 21-18`2302
523`98380`나무야 나무야`2014-10-31 00:00:00`2015-02-01 00:00:00`성남아트센터`미술`경기`아동 : 23,000원 성인 : 17,000원`http://www.snart.or.kr/web/show/view/?MENUMST_ID=21446&type=plan&show_type=exihib&SNA_SHOW_IDX=3977`02-738-8289`http://www.culture.go.kr/upload/rdf/namuya.jpg`http://www.snart.or.kr/file/viewImage/?atch_id=10511`127.13076520309527`37.402445919906164`http://www.snart.or.kr`경기 성남시 분당구 야탑동 757번지`1045
524`98286`별난물건박물관`2014-11-01 00:00:00`2015-03-01 00:00:00`국립대구박물관`미술`대구`유료`http://www.dnsm.or.kr/reservation/detail.do?searchGroupId=10000000009&searchMenuNm=&searchDivision=&searchStatus=&searchReceipt=&searchMenuId=10000000077&searchUserId=&searchIng=Y`1544-3852`http://www.culture.go.kr/upload/rdf/MENU.jpg`http://www.dnsm.or.kr/upload/images/MENU_201410300208073501.jpg`128.6383565280258`35.84559223621597`http://daegu.museum.go.kr/``176
525`97547`'와일드라이프' 사진전&증강현실체험전`2014-11-04 00:00:00`2015-01-16 00:00:00`용인포은아트홀`미술`경기`성인 12,000원 / 초중고학생 11,000원 / 유아(24개월 이상) 10,000원`http://yicf.or.kr/modules/rent/rent_view.html?no=356`031-260-3337`http://www.culture.go.kr/upload/rdf/97547.jpg`http://yicf.or.kr/upload/seImage/%25EC%2599%2580%25EC%259D%25BC%25EB%2593%259C%25EB%259D%25BC%25EC%259D%25B4%25ED%2594%2584%2B%25EC%259A%25A9%25EC%259D%25B8-%25EC%2583%2581%25EC%2584%25B8%25ED%258E%2598%25EC%259D%25B4%25EC%25A7%2580.jpg`127.104609540854`37.325843819341`http://yicf.or.kr/main/?skin=guide010101.htm`경기 용인시 수지구 죽전동 1003-586 포은아트홀`2149
526`98102`한진해운 박스 프로젝트 2014: 레안드로 에를리치`2014-11-04 00:00:00`2015-09-13 00:00:00`국립현대미술관(서울관)`미술`서울`서울관 관람권 4,000원`http://www.mmca.go.kr/exhibitions/exhibitionsDetail.do?menuId=1010000000&exhId=201411030000174`02-3701-9500`http://www.culture.go.kr/upload/rdf/2014110402370889516724.jpg``126.98059586166018`37.5794474770284`http://www.mmca.go.kr/`서울 종로구 소격동 국립현대미술관 서울관`2290
527`98183`린다 매카트니 사진전 - 생애 가장 따뜻한 날들의 기록`2014-11-06 00:00:00`2015-05-25 00:00:00`대림미술관`미술`서울``https://www.daelimmuseum.org/exhibition/exhibition_1.do`02-720-0667`http://www.culture.go.kr/upload/rdf/metu.png``126.97329261439026`37.57748595834368`http://www.daelimmuseum.org/`서울 종로구 통의동  35-1`332
528`97322`미스터쇼 Mr.Show`2014-11-07 00:00:00`2015-01-31 00:00:00`롯데카드 아트센터(구.인터파크 아트센터)`연극`서울`LADIES ZONE 80,000원 VIP석 80,000원 R석 60,000원`http://www.lottecardartcenter.com/artcenter/performance/performance_detail.asp?PlayNo=68657&EntGoodsCode=14011460`02-547-5694`http://ticketimage.interpark.com/PlayDictionary/DATA/PlayDic/PlayDicUpload/040001/14/10/0400011410_68657_011.gif`http://ticketimage.interpark.com/Play/image/etc/14/14011460-03.jpg`126.913782048638`37.5509352267036`http://www.lottecardartcenter.com`서울 마포구 서교동 490번지 인터파크 아트센터`2139
529`97373`뮤지컬 점프－신도림`2014-11-08 00:00:00`2015-01-04 00:00:00`프라임아트홀`연극`서울`VIP석 60,000원  R석 50,000원  S석 40,000원`http://ticket.interpark.com/Ticket/Goods/GoodsInfo.asp?GoodsCode=14011086`02-2111-1146`http://ticketimage.interpark.com/Play/image/large/14/14011086_p.gif`http://ticketimage.interpark.com/Play/image/etc/14/14011086-01.jpg`126.89032002738871`37.50697220765799`http://cafe.naver.com/primearthall/`서울 구로구 구로5동  3-25 신도림 테크노마트 11층`1237
530`97374`뮤지컬 미오 프라텔로`2014-11-08 00:00:00`2015-02-01 00:00:00`대학로 아트원씨어터`연극`서울`일반석 40,000원`http://ticket.interpark.com/Ticket/Goods/GoodsInfo.asp?GoodsCode=14011068`02-6228-8417`http://ticketimage.interpark.com/Play/image/large/14/14011068_p.gif`http://ticketimage.interpark.com/Play/image/etc/14/14011068-06.jpg`127.00394883185228`37.58026434702272``서울 종로구 동숭동  1-75 대학로 아트원씨어터`1332
531`97826`바우하우스의 무대실험 - 인간, 공간, 기계`2014-11-12 00:00:00`2015-02-22 00:00:00`국립현대미술관(서울관)`미술`서울`서울관 관람권 4,000원`http://www.mmca.go.kr/exhibitions/exhibitionsDetail.do?menuId=1020000000&exhId=201410270000168`02-3701-9500`http://www.culture.go.kr/upload/rdf/2014102711052582516591.jpg``126.98059586166018`37.5794474770284`http://www.mmca.go.kr/`서울 종로구 소격동 국립현대미술관 서울관`2290
532`97848`셜록홈즈: 앤더슨가의 비밀`2014-11-13 00:00:00`2015-02-08 00:00:00`두산아트센터`연극`서울`R석 77,000원  S석 44,000원`http://www.doosanartcenter.com/yonkang/perform.asp`1577-3363`http://www.culture.go.kr/upload/rdf/srhz.jpg`http://www.doosanartcenter.com/upload_file/Perform/공연메인[2].jpg`127.001222768346`37.5718996066829`http://www.doosanartcenter.com/`서울 종로구 연지동 연강빌딩 270`968
533`99167`연극열전5 - 취미의 방`2014-11-15 00:00:00`2015-01-18 00:00:00`대학로 아트원씨어터`연극`서울`R석 45,000원 S석 30,000원`http://ticket.interpark.com/Ticket/Goods/GoodsInfo.asp?MN=Y&GroupCode=14011245&strGroupCode=14011245`02-766-6007`http://www.culture.go.kr/upload/rdf/2015-01-15 11;30;45.PNG`http://ticketimage.interpark.com/Play/image/etc/14/14011245-16.jpg`127.00394883185228`37.58026434702272``서울 종로구 동숭동  1-75 대학로 아트원씨어터`1332
534`98106`국화꽃향기`2014-11-15 00:00:00`2015-01-04 00:00:00`충무아트홀`연극`서울`전석 40,000원`http://www.cmah.or.kr/Home/Perf/PerfInfoView.aspx?PerfId=896&SrchType=16&SelectedYear=2014&SelectedMonth=12&SelectedDay=0`02 2644 4558`http://www.culture.go.kr/upload/rdf/20141001_m_chrysanthemum.gif`http://www.cmah.or.kr/upload/BlogPerf/PerfMenuContents/20141015/국화꽃향기_web_notice.jpg`127.01485971849809`37.565930707020655`http://www.cmah.or.kr`서울 중구 흥인동  131`169
535`98003`송승환의 new 호두까기인형`2014-11-15 00:00:00`2015-01-04 00:00:00`극장 용`연극`서울`VIP석 50,000원 / S석 40,000원 / A석 30,000원`http://www.theateryong.or.kr/perfor/perfor_view_new.asp?play=285`02-738-8289`http://www.culture.go.kr/upload/rdf/hodukkagi.jpg`http://img.cfnmk.org/theaterYong/playInfo/285/1/[1]호두까기_공지(700).jpg`126.97774115153027`37.52470232606506`http://www.theateryong.or.kr`서울특별시 용산구 서빙고로 137 극장 용`2104
536`98085`뮤지컬 심야식당`2014-11-16 00:00:00`2015-01-18 00:00:00`대학로 뮤지컬센터`연극`서울`R석 70,000원, S석 50,000원`http://ticket.interpark.com/Ticket/Goods/GoodsInfo.asp?GoodsCode=14011943#TabTop`뮤지컬해븐 070-4648-7523`http://ticketimage.interpark.com/Play/image/large/14/14011943_p.gif`http://ticketimage.interpark.com/Play/image/etc/14/14011943-01.jpg`127.00441085125365`37.58287636949156`http://dmusicalcenter.com/`서울 종로구 동숭동 25-5번지 동숭길 100`2162
537`98576`이영순-지승작품전 : 옛것 같은 새것, 새것 같은 옛것`2014-11-18 00:00:00`2015-01-25 00:00:00`서울시립미술관 남서울생활미술관`미술`서울`무료`http://sema.seoul.go.kr/korean/exhibition/exhibitionView.jsp?seq=378&pDateGubun=ING`신성란 (☎ 02-598-6246)`http://sema.seoul.go.kr/data/display/DP_378.jpg``126.97946495770385`37.476051915531215`http://sema.seoul.go.kr/korean/information/namseoul.jsp`서울특별시 관악구 남부순환로 2076-0 서울시립미술관 남서울생활미술관`2555
538`99432`경기도 600년 기념 특별전 《조선 근본의 땅朝鮮根本之地, 경기京畿》`2014-11-19 00:00:00`2015-02-22 00:00:00`경기도박물관`미술`경기``http://musenet.ggcf.kr/archives/exhibit/gyeonggi-fundamental-place-of-joseon-dynasty?term=70`대표전화 031-288-5300 / 관람안내 031-288-5400`http://musenet.ggcf.kr/wp-content/uploads/sites/2/2014/11/경기도600년-특별전-포스터.jpg`/upload/editor_upload/1421824930732.PNG`127.10853042069812`37.26782123563192`http://www.musenet.or.kr/`경기 용인시 기흥구 상갈동  85`408
539`98024`조르조 모란디: 모란디와의 대화`2014-11-20 00:00:00`2015-02-25 00:00:00`국립현대미술관(덕수궁관)`미술`서울``http://www.mmca.go.kr/exhibitions/exhibitionsDetail.do?menuId=1020000000&exhId=201411040000176`02-2022-0600`http://www.culture.go.kr/upload/rdf/201411050956510801610.jpg``126.97372311858526`37.56594473743717`http://www.mmca.go.kr/`서울특별시 중구 세종대로 99-0 덕수궁미술관 국립현대미술관 덕수궁관`2291
540`98088`뮤지컬 사춘기`2014-11-21 00:00:00`2015-02-15 00:00:00`충무아트홀`연극``R석 (프리뷰(11/21~11/30공연)40%) 33,000원S석 (프리뷰(11/21~11/30공연)40%) 26,400원`http://ticket.interpark.com/Ticket/Goods/GoodsInfo.asp?GoodsCode=14012243`02-6004-6994`http://ticketimage.interpark.com/Play/image/large/14/14012243_p.gif`http://ticketimage.interpark.com/Play/image/etc/14/14012243-01.jpg`127.01485971849809`37.565930707020655`http://www.cmah.or.kr`서울 중구 흥인동  131`169
541`98104`업사이클링展：그 절대적 존재감`2014-11-21 00:00:00`2015-01-18 00:00:00`울산현대예술관`미술`울산`일반 3천원, 중고생 이하 2천원`http://www.hhiarts.co.kr/hac.do?menu=TICKET_ITEM&id=WEB_EXHIBITION_ITEM_VIW&ticketing_item_seq=0000001514``http://www.culture.go.kr/upload/rdf/020.jpg`http://www.hhiarts.co.kr/common/popup/download.jsp?save_dir=board&distinct=physical&file_name=editor/20141104/20141104141508282791701.jpg&file_mask=010.jpg`129.4309996334207`35.52296327766028`http://www.hhiarts.co.kr/main.jsp`울산광역시 동구 명덕로 10-0 현대예술관`2262
542`99195`늘근도둑이야기`2014-11-21 00:00:00`2015-03-01 00:00:00`대학로 소리아트홀`연극`서울``http://www.sorihall.com/p1_adult.htm`(주)나인스토리 02-3672-0900`http://www.culture.go.kr/upload/rdf/old.PNG`http://www.sorihall.com/program1/p1_adult/sub2.jpg`127.002078632535`37.5842503337663`http://www.sorihall.com/`서울 종로구 혜화동 90-18 뉴시티빌딩 4층`959
543`99598`박노해 페루 사진전시회 '그라시아스 알 라 비다'`2014-11-21 00:00:00`2015-03-18 00:00:00`라 카페`미술`서울`무료`http://blog.naver.com/racafe/220179077394`02-379-1975`http://www.culture.go.kr/upload/rdf/peru_mail6.jpg`/upload/editor_upload/1422254256240.jpg`126.9671899474635`37.59406942758405`http://blog.naver.com/racafe`서울 종로구 부암동 44-5`2568
544`98827`총각네 야채가게`2014-11-21 00:00:00`2015-01-01 00:00:00`KT&G상상아트홀`연극`서울`전석 55,000`http://www.sangsangarthall.com/pfm/pfm_info.asp?seq=66`02-332-4177 |`http://www.sangsangarthall.com/files/admin/sub01/sub02/포스터(3).jpg`http://www.sangsangarthall.com/files/admin/sub01/sub02/20141105142241_228504154/NOTICE.jpg`127.065368072406`37.5066108262508`http://sangsangarthall.co.kr`서울 강남구 대치동  1002번지 코스모타워 3층 `964
545`97724`지킬 앤 하이드`2014-11-21 00:00:00`2015-04-05 00:00:00`블루스퀘어`연극`서울`VIP석 140,000원 R석 110,000원 S석 80,000원 A석 60,000원`http://www.bluesquare.kr/Goods/PerformanceDetail.asp?PlayNo=67262&m_menu=performance&s_menu=info``http://www.culture.go.kr/upload/rdf/jekyllnhyde0126.gif`http://ticketimage.interpark.com/Play/image/etc/14/14010776-01.jpg`127.0026485836667`37.54070371629666`http://www.bluesquare.kr/`서울 용산구 한남동  727-56`2096
546`98943`프로젝트대전 2014 [더 브레인]`2014-11-22 00:00:00`2015-02-08 00:00:00`대전시립미술관`미술`대전`성인 5,000원, 초/중/고등/대학생 4,000원, 48개월~미취학아동 2,000원`http://dmma.daejeon.go.kr/GetExhibitionsUsrView.do?fretype=1`042)602-3252`http://dmma.daejeon.go.kr/upload/exhibitions/20141023134125861.jpg``127.384114671827`36.36656445550296`http://dmma.metro.daejeon.kr/`대전 서구 만년동  396 대전시립미술관`305
547`97274`인상파의 고향, 노르망디_ 유럽모던풍경화의 탄생`2014-11-22 00:00:00`2015-02-15 00:00:00`한가람미술관`미술`서울`일반 12,000원 / 대학생 10,000원 / 초,중,고등학생(만7-18세)8,000원 / 어린이(만4-6세) 6,000원`http://www.sac.or.kr/program/schedule/view.jsp?seq=18238&s_date=20141213`02)580-1300`http://www.sacticket.co.kr/webhome/upload/20140726102111P.jpg`http://www.sacticket.co.kr/webhome/upload/editor/20140711092807688.jpg`127.01421586148933`37.48024251888776`http://www.sac.or.kr/space/info/hangaram.jsp`서울 서초구 서초동  700번지  `1488
548`98040`앵그르에서 칸딘스키까지`2014-11-25 00:00:00`2015-03-12 00:00:00`한가람미술관`미술`서울`성인(만19-64세) 15,000원 / 청소년(만13-18세) 12,000원 / 어린이(36개월이상-12세) 10,000원`http://www.sac.or.kr/program/schedule/view.jsp?seq=19400&s_date=20141125`1688-1325`http://www.sacticket.co.kr/webhome/upload/20141018172520P.jpg`http://www.sacticket.co.kr/webhome/upload/editor/20141021142308058.jpg`127.01421586148933`37.48024251888776`http://www.sac.or.kr/space/info/hangaram.jsp`서울 서초구 서초동  700번지  `1488
549`99446`2014 원로 작고작가 초대전 '최종섭, Korean Fantasy'`2014-11-25 00:00:00`2015-02-22 00:00:00`광주시립미술관`미술`광주``http://www.artmuse.gwangju.go.kr/contents.do?S=S26&M=020113000000`062-613-7100`http://211.252.37.150/data/exhibit/image/2014/d-2014-11-2_4.jpg``126.88539064185485`35.18356676073159`http://www.artmuse.gwangju.go.kr/index.jsp`광주 북구 운암동 운암동산34-1`300
550`98573`《거장 巨匠 (Masters of Korean Art)》展`2014-11-28 00:00:00`2015-02-15 00:00:00`서울미술관`미술`서울`성인 9,000원 / 대학생 7,000원 / 학생(초,중,고교) 5,000원 / 어린이(3~7세) 3,000원 / 우대 7,000원 / 20인 이상 단체 20%할인 ``02-395-0100`http://www.culture.go.kr/upload/rdf/141766908904420141203-225+282_01.jpg`/upload/editor_upload/73ba5ee3-e1fd-4b03-aa44-b1cd60e2d54e.jpg`126.96324469205399`37.59459579556059`http://www.seoulmuseum.org/`서울 종로구 부암동 201번지`2317
551`98572`《오, 홀리나잇!(O, Holy Night!)》展`2014-11-28 00:00:00`2015-02-15 00:00:00`서울미술관`미술`서울`성인 9,000원 / 대학생 7,000원 / 학생(초,중,고교)5,000원 / 어린이(3~7세) 3,000원 / 우대 7,000원 / 20인 이상 단체 20%할인``02-395-0100`http://www.culture.go.kr/upload/rdf/141766857042220141203-225+282.jpg`/upload/editor_upload/af76d524-2b8f-45ed-aba6-e0ce99e53874.jpg`126.96324469205399`37.59459579556059`http://www.seoulmuseum.org/`서울 종로구 부암동 201번지`2317
552`98136`뮤지컬 올슉업 ALL SHOOK UP`2014-11-28 00:00:00`2015-02-01 00:00:00`홍익대 대학로 아트센터`연극`서울`VIP석 110,000원 / R석 99,000원 / S석 77,000원 / A석 55,000원`http://www.hongikartcenter.com/page/perfomance/per_view_tab1.jsp?TICKET_ID=301&TP=4`1566-1823`http://www.culture.go.kr/upload/rdf/301list-view.jpg`http://www.hongikartcenter.com/uploadfile/images/1415077103826info.jpg`127.00146274318223`37.576541494457125`http://www.hongikartcenter.com`서울 종로구 연건동 128-8`2157
553`98287`오드리 헵번 전시회, 뷰티 비욘드 뷰티`2014-11-29 00:00:00`2015-03-08 00:00:00`동대문디자인플라자(DDP)`미술`서울`성인 (만 19세~64세) 13,000원 / 청소년 (만 13세~18세) 10,000원 / 어린이 (48개월~만 12세) 8,000원`오드리 헵번 전시회, 뷰티 비욘드 뷰티`02-546-3834`http://www.culture.go.kr/upload/rdf/odr.gif`http://ticketimage.interpark.com/Play/image/etc/14/14011612-06.jpg`127.00980231077884`37.56688158754518`http://www.ddp.or.kr/`서울 중구 을지로7가 2-1 동대문디자인플라자`2372
554`98308`한국현대미술작가: 김병기`2014-12-02 00:00:00`2015-03-01 00:00:00`국립현대미술관(과천관)`미술`경기``http://www.mmca.go.kr/exhibitions/exhibitionsDetail.do?menuId=1020000000&exhId=201403070000062`02-2188-6000`http://www.mmca.go.kr/upload/exhibition/2014/11/2014110604364653816824.JPG``127.01993068528743`37.431004962285925`http://www.moca.go.kr/`경기도 과천시 광명로 313-0 국립현대미술관 과천관`985
555`99481`아듀 2014 결과보고전`2014-12-02 00:00:00`2015-02-13 00:00:00`수원시미술전시관`미술`경기``http://www.suwonartcenter.org/education/board/board_list.asp?btype=3&b_type=board6&b_word=&b_kinds=`031-211-0343`http://www.culture.go.kr/upload/rdf/adieu.PNG`http://www.suwonartcenter.org/files/board/001074_1.jpg`126.99945537786097`37.29703780305439`http://www.suwonartcenter.org``940
556`98105`뮤지컬 '킹키부츠'(Kinky Boots)`2014-12-02 00:00:00`2015-02-22 00:00:00`충무아트홀`연극`서울`VIP석 14만원, R석 11만원, S석 8만원, A석 5만원`http://www.cmah.or.kr/Home/Perf/PerfInfoView.aspx?PerfId=876&SrchType=8&SelectedYear=2014&SelectedMonth=11&SelectedDay=11`1577-3363`http://www.culture.go.kr/upload/rdf/20141017_m_kinky.gif`http://www.cmah.or.kr/upload/BlogPerf/PerfMenuContents/20141014/KB_notice.jpg`127.01485971849809`37.565930707020655`http://www.cmah.or.kr`서울 중구 흥인동  131`169
557`98606`김수정 개인전_보여지지 않는 것들`2014-12-02 00:00:00`2015-01-04 00:00:00`수성아트피아`미술`대구`무료`http://www.ssartpia.kr/exhibition/01.htm?mode=view&mv_data=aWR4PTYxOSZzdGFydFBhZ2U9Jmxpc3RObz0mdGFibGU9Y3NfZGlzcGxheSZjb2RlPW1vbnRoJnNlYXJjaF9pdGVtPSZzZWFyY2hfb3JkZXI9Jm9yZGVyX2xpc3Q9Jmxpc3Rfc2NhbGU9JnZpZXdfbGV2ZWw9JnZpZXdfY2F0ZT0yMDE0JnZpZXdfY2F0ZTI9JnZpZXdfY2F0ZTM9JnZpZXdfY2F0ZTQ9JnllYXI9MjAxNCZtb250aD0xMg==||`053)668-1585`http://www.culture.go.kr/upload/rdf/kimsujung.PNG`http://www.ssartpia.kr/data/upload/uYB6oKyIsoil.jpg`128.628135929037`35.82963312914508`http://www.ssartpia.or.kr/`대구 수성구 지산동 1137-3`1126
558`99407`박진아의 모래랑 빛이랑`2014-12-02 00:00:00`2015-02-01 00:00:00`고양아람누리`미술`경기`입장료: 어린이/어른 균일 17,000원/ 단체 10,000원`http://www.artgy.or.kr/EH/EH0201V.aspx?showID=0000004429`1644-4906`http://www.artgy.or.kr/upload/tbl_show/20141202_bjamb_bn02.gif`http://www.artgy.or.kr/upload/image/20141202_bjamb_detail1.jpg`126.77464668894572`37.66152365269571`http://www.artgy.or.kr/`경기 고양시 덕양구 성사동 777`1063
559`98743`러브레터`2014-12-02 00:00:00`2015-02-15 00:00:00`동숭아트센터`연극`서울`R석 80,000원  S석 70,000원  A석 60,000원`http://www.dsartcenter.co.kr/info/now_detail.asp?seq=1608&page=1`02)1566-1823`http://www.dsartcenter.co.kr/upFileImg/NowPlaying/3/크기변환_50014011739_p.gif`/upload/editor_upload/1418775078284.PNG`127.00369986917414`37.58367007999614`http://www.dsartcenter.co.kr/index_start.asp`서울 종로구 동숭동   1-5`1144
560`99355`음풍농월 : 사군자, 풍류에 물들다`2014-12-03 00:00:00`2015-01-25 00:00:00`이천시립월전미술관`미술`경기``http://www.designdb.com/exhibit/exhibitionView.asp?page=1&eGb=1&sGb=&pGb=&pro=&startDate=&endDate=&sTxt=&oDm=0&oDCd=DESC&searchGb=&frmDate=&viewDay=&page2=1&CURDATE=&eid=28954`031-637-0033`http://file.designdb.com/exhibit/10/S/13216320141218113230.jpg`http://file.designdb.com/EDITOR/10/13216320141218113147.jpg`127.42447645345064`37.279408517557805`http://www.iwoljeon.org/`경기 이천시 관고동 378번지 이천시립월전미술관`2552
561`99471`아름다운 도자기 선물전`2014-12-03 00:00:00`2015-03-01 00:00:00`한향림미술관`미술`경기``http://www.heyrimuseum.com/bbs/view.php?id=Onggi&page=1&sn1=&divpage=1&sn=off&ss=on&sc=on&select_arrange=headnum&desc=asc&no=27`070-4161-7271`http://www.culture.go.kr/upload/rdf/A0C8661C.jpg``126.695732989606`37.7922911088998`http://www.heyrigallery.com/`경기 파주시 탄현면 법흥리 헤이리예술인마을 a-1-1`1222
562`98015`리타`2014-12-03 00:00:00`2015-02-01 00:00:00`DCF대명문화공장`연극`서울`R석 60,000원/S석 50,000원/A석 40,000원`http://www.dmcf.co.kr/_performance/schedule_info.php?idx=44&sYear=2014&sMonth=12&sSel=``http://www.dmcf.co.kr/upload/tbl_content/REm4VjWPKqXSufsk1.jpg`http://www.dmcf.co.kr/upload/tbl_content/editor/NXVxtBcLORupbbblyjr.jpg`127.00326964034338`37.58276107945565`http://www.dmcf.co.kr/`서울 종로구 동숭동 1-52`2308
563`97241`뮤지컬 원스`2014-12-03 00:00:00`2015-03-29 00:00:00`예술의전당 CJ토월극장`연극`서울`R석 12만원 / OP석 12만원 / S석 10만원 / A석 6만원`http://www.sac.or.kr/program/schedule/view.jsp?seq=24045&s_date=20141210`02)577-1987`http://www.sacticket.co.kr/webhome/upload/20140919112436P.jpg`http://www.sacticket.co.kr/webhome/upload/editor/20141008090106517.jpg`127.01421586148933`37.48024251888776`http://www.sac.or.kr/`서울 서초구 서초동 700`2051
564`99554`그녀가 돌아왔다! '엽기적인 그녀'`2014-12-04 00:00:00`2015-02-15 00:00:00`KBS수원아트홀`연극`경기`전석 30,000원`http://www.kbssuwonart.co.kr/bbs/?act=bbs&subAct=view&bid=0201&page=1&order_index=intSeq&order_type=desc&list_style=webzine&seq=1656`031-216-5201`http://www.culture.go.kr/upload/rdf/she.PNG`http://www.kbssuwonart.co.kr/bbs/pds/board/1/images/사본_-새해가격정책!!!700.jpg`127.0320433110627`37.2693073219088`http://www.kbssuwonart.co.kr/`경기 수원시 팔달구 인계동300∼379 468 KBS수원아트홀`2608
565`98223`뮤지컬 조로 - 성남`2014-12-05 00:00:00`2015-01-03 00:00:00`성남아트센터`연극`경기`평일 VIP석 120,000원 ㅣ R석 100,000원 ㅣ S석 80,000원 ㅣ A석 60,000원 ㅣ B석 40,000원 주말 VIP석 130,000원 ㅣ R석 110,000원 ㅣ S석 90,000원 ㅣ A석 70,000원 ㅣ B석 50,000원`http://www.snart.or.kr/web/show/view/?show_type=perform&type=month&MENUMST_ID=21433&SNA_SHOW_IDX=4058`㈜엠뮤지컬 02)764-7857~9 | 클립서비스 1577-3363`http://ticketimage.interpark.com/Play/image/large/14/14012709_p.gif`http://ticketimage.interpark.com/Play/image/etc/14/14012709-03.jpg`127.13076520309527`37.402445919906164`http://www.snart.or.kr`경기 성남시 분당구 야탑동 757번지`1045
566`98563`망원동 브라더스`2014-12-05 00:00:00`2015-02-01 00:00:00`대학로 예술공간 혜화`연극`서울`일반석 30,000원`http://ticket.interpark.com/Ticket/Goods/GoodsInfo.asp?GoodsCode=14012992&tid1=search_auto_sub&tid2=search_auto_sub&tid3=detail&tid4=14012992`02-3676-3676`http://ticketimage.interpark.com/Play/image/large/14/14012992_p.gif`http://ticketimage.interpark.com/Play/image/etc/14/14012992_001.gif`127.00048911284694`37.586638998326144``서울 종로구 혜화동 74-38`2391
567`99360`앙리 카르티에-브레송展`2014-12-05 00:00:00`2015-03-01 00:00:00`동대문디자인플라자(DDP)`미술`서울`성인 12,000원 청소년(중고등학생) 8,000원 어린이(48개월이상~초등학생) 7,000원`https://www.seouldesign.or.kr/bbs2/view.jsp?seq=3652&code=001008&event_code=30002`02) 735-4237`http://www.culture.go.kr/upload/rdf/2015-01-20 15;08;54.PNG`/upload/editor_upload/1421729811217.jpg`127.00980231077884`37.56688158754518`http://www.ddp.or.kr/`서울 중구 을지로7가 2-1 동대문디자인플라자`2372
568`98083`바냐와 소냐와 마샤와 스파이크`2014-12-05 00:00:00`2015-01-04 00:00:00`대학로 예술극장`연극`서울`R석 55,000원/ S석 40,000원/ A석 25,000원`http://www.koreapac.kr/Pages/Perf/Detail/Detail.aspx?IdPerf=255226`㈜연극열전 02-766-6007`http://www.culture.go.kr/upload/rdf/1022_vanya_800.jpg`http://www.koreapac.kr/Down/Perf/201410/1028_vanya_cast.jpg`127.00317904435897`37.582087956816046`http://www.koreapac.kr/Pages/SpaceInfo/Space_03.aspx`서울 종로구 동숭동 1-67`2015
569`99932`연출가 임영웅과 '고도를 기다리며' 아카이브 展`2014-12-05 00:00:00`2015-05-30 00:00:00`대학로 예술가의 집`미술`서울`무료``sypark@arko.or.kr / 02-524-9419`http://www.culture.go.kr/upload/rdf/1423109740094sn.jpg`http://www.culture.go.kr/upload/editor_upload/1423109682025.jpg`127.00289818648027`37.579931968997414`http://artisthouse.arko.or.kr/`서울 종로구 동숭동 1∼130 동숭동 1-130`2581
570`98232`액션라이브쇼 파워레인저 다이노포스`2014-12-06 00:00:00`2015-01-11 00:00:00`올림픽공원`연극`서울`VIP석 55,000원 R석 44,000원 S석 33,000원`http://www.olympicpark.co.kr/jsp/homepage/contents/culture/schedule_dinfo_action.do?CUST_MNGR_MENU_STATE=HOME&CRUD_C_CD=R&txtPFMC_EVT_GUD_SEQ_N=2560&txtREF_TBL_C_CD=02&txtPage=1&txtSYmd=2014.12.01&txtEYmd=2014.12.31&txtBtn=month&txtPlace=00&txtSearch_Word=&cbxViewType=8`(주)웨이즈비 02-2261-1393`http://www.culture.go.kr/upload/rdf/pr0(0).gif`http://www.ksponco.or.kr/jsp/upload_files/sb_editor/20141114105811281.jpg`127.11633972672067`37.51865644460591`www.olympicpark.co.kr`서울 송파구 방이동 88-2 올림픽공원 체조경기장 161호 공연사업팀`2131
571`99358`로우테크놀로지: 미래로 돌아가다`2014-12-09 00:00:00`2015-02-01 00:00:00`서울시립미술관 서소문본관`미술`서울`무료`http://sema.seoul.go.kr/korean/exhibition/exhibitionView.jsp?seq=379`여경환 학예연구사 (☎ 02-2124-8938)`http://sema.seoul.go.kr/data/display/DP_379.jpg``126.97444302681923`37.56431018013386`http://sema.seoul.go.kr/`서울 중구 서소문동 37`1387
572`97230`라카지`2014-12-09 00:00:00`2015-03-08 00:00:00`LG아트센터`연극`서울`VIP 130,000, R석 110,000, S석 80,000, A석 60,000`http://www.lgart.com/UIPage/perform/calender_view.aspx?seq=252179`홍보마케팅 : ㈜랑 1666-8662`http://www.lgart.com/Down/Perf/201409/[CI삭제%20최종]%20-just%20piano%20320X220_0116.jpg`http://ticketimage.interpark.com/Play/image/etc/14/14011025-10.jpg`127.03680038997135`37.50209430121869`http://www.lgart.com/`서울 강남구 역삼동 679`1375
573`98638`류큐 왕국의 보물`2014-12-09 00:00:00`2015-02-08 00:00:00`국립고궁박물관`미술`서울``http://www.gogung.go.kr/gallery.do?cmd=galleryList&menu=16`02-3701-7500`http://www.culture.go.kr/upload/rdf/heaven.PNG`http://www.gogung.go.kr/images/gallery/ga2-1_t1.gif`126.97540287828959`37.57717650452814`http://www.gogung.go.kr/``186
574`98685`그리고, 다시 쓰기전`2014-12-09 00:00:00`2015-01-04 00:00:00`세종문화회관`미술`서울`무료 전시입니다.`http://www.sejongpac.or.kr/performance/view.asp?langCode=001&currentYear=2014&currentMonth=12&currentDay=20141211&sval=&currPage=1&performIdx=23640&performCode=ssdt1412091651001&listType=2&bcode=&placeCode=&genreCode=&artGroupCode=&menuNum=010101&searchGubun=CALENDAR_DAY`02-399-1177~8`http://www.sejongpac.or.kr/upload/ckeditor/upload20141209_165331_0643688.jpg`http://www.sejongpac.or.kr/upload/ckeditor/upload20141209_165331_0643688.jpg`126.97607473848737`37.57222482471085`http://www.sejongpac.or.kr`서울 종로구 세종로  81-3`2760
575`98678`[경주예술의전당소장품展] 참좋은경주`2014-12-09 00:00:00`2015-01-25 00:00:00`경주예술의전당`미술`경북``http://www.gjartcenter.kr/pages/sub.jsp?menuIdx=16&page=/pages/schedule/scheduleView.jsp&idx=1231&selectYear=2015&selectMonth=1``http://www.gjartcenter.kr/upfiles/performance_exhibit/2014/12/20141208110255_1.jpg`http://www.gjartcenter.kr/userfiles/image/포스터(9).jpg`129.20626470767144`35.86231073657831`http://www.gjartcenter.kr`경북 경주시 황성동 988번지`2084
576`98723`Alone`2014-12-09 00:00:00`2015-02-15 00:00:00`스튜디오 76`연극`서울`일반석 3만원`http://ticket.interpark.com/Ticket/Goods/GoodsInfo.asp?GoodsCode=14013752`070-4143-6443`http://ticketimage.interpark.com/Play/image/large/14/14013752_p.gif`http://ticketimage.interpark.com/Play/image/etc/14/14013752_001.gif`127.001951826789`37.5835944165107`http://www.playz.kr/`서울 종로구 동숭동  180 대학로약국 4층`1316
577`97657`로마 제국의 도시문화와 폼페이`2014-12-09 00:00:00`2015-04-05 00:00:00`국립중앙박물관`미술`서울`성인(만 24세 이상) 13,000원 대학생,청소년(중,고등학생~만 24세 미만) 11,000원 초등학생 8,000원 유아(만 24개월 이상) 5,000원 65세 이상 6,000원`http://www.museum.go.kr/site/main/exhiSpecialTheme/view/past?exhiSpThemId=3440&listType=list`02-2077-9271`http://www.museum.go.kr/inc/imgLoad.jsp?thumb=R&size=298&hSize=438&dirName=show/9831/&fileName=20140325_0011.jpg`/upload/editor_upload/1417065649815.jpg`126.99468917608675`37.52055008681608`http://www.museum.go.kr`서울 용산구 서빙고동 135`984
578`97313`마당놀이 ‘심청이 온다’`2014-12-10 00:00:00`2015-01-11 00:00:00`국립극장 해오름극장`연극`서울`VIP 7만원 R석 5만원 S석 4만원 A석 3만원`http://www.ntok.go.kr/user/jsp/ua/ua01_1db02v.jsp?pfmc_inf_idx=906&year=2014&month=12&day=12&`02)2280-4114~6`http://www.ntok.go.kr/data/upload/aa/20140901183501530010.jpg`http://www.ntok.go.kr/etc/2014/img/20141013_sim_01.jpg`126.99956606382091`37.55257517226155`http://www.ntok.go.kr/user/jsp/uc/uc03_2ht01i.jsp``1324
579`98151`우당탕탕 '아빠가 만든 놀이터'`2014-12-10 00:00:00`2015-02-15 00:00:00`강동아트센터`미술`서울`정가 18,000원 (단체, 조기예매 등 할인 진행)`http://www.gangdongarts.or.kr/pro_program.do?idx=813`강동아트센터 02)440-0500 / 단체문의 02-548-5532`http://www.culture.go.kr/upload/rdf/papa.jpg`http://www.gangdongarts.or.kr/upload/editor/20141106/20141210_papa_detail.jpg`127.15752302125696`37.55112065180959`http://www.gangdongarts.or.kr/main.do#`서울 강동구 상일동 477`2102
580`98323`주크박스 음악극 '꽃순이를 아시나요'`2014-12-11 00:00:00`2015-01-11 00:00:00`대학로 스타시티 예술공간SM`연극`서울`전석 30000원`http://ticket.interpark.com/Ticket/Goods/GoodsInfo.asp?GoodsCode=14011012`070-7510-4363`http://www.culture.go.kr/upload/rdf/1416469507844꽃순이를 아시나요_문화포털_메인썸네일_225x282.jpg`/upload/editor_upload/04cf4fd2-a804-4b78-b25e-e2e34ad99c2f.jpg`0`0```0
581`98639`즐거운 나의 집`2014-12-12 00:00:00`2015-02-15 00:00:00`아르코미술관`미술`서울`무료`http://www.arkoartcenter.or.kr/nr3/?c=2/13`arkoevent@arko.or.kr`http://www.culture.go.kr/upload/rdf/1418013322961Home_Poster_썸네일.jpg`http://www.arkoartcenter.or.kr/nr3/files/2014/12/05/fd7958448184b06a8f808eddd08f3b18171717.jpg`127.00352318197181`37.580999559980484`http://www.arkoartcenter.or.kr/`서울 종로구 동숭동 100`1269
582`99272`연극 '민들레 바람되어'`2014-12-12 00:00:00`2015-03-01 00:00:00`수현재씨어터`연극`서울`일반석 55,000원 민들레석 40,000원`http://ticket.interpark.com/Ticket/Goods/GoodsInfo.asp?GoodsCode=14012136`02-766-6506`http://www.culture.go.kr/upload/rdf/2015-01-19 10;34;17.PNG`/upload/editor_upload/1421626873322.jpg`127.00326964034338`37.58276107945565``서울특별시 종로구 대학로12길 21 대명문화공장 3F 수현재씨어터`2303
583`102691`다락에서`2014-12-12 00:00:00`2015-08-31 00:00:00`다락극장`연극`서울`비지정석 30,000원`http://www.divadlopuzzle.cz/`02-766-9001`http://ticketimage.interpark.com/Play/image/large/14/14014371_p.gif`http://ticketimage.interpark.com/Play/image/etc/15/14014371-07.jpg`126.91723011238409`37.54674272283733```2685
584`97749`뚝딱하니 어흥!  대관`2014-12-13 00:00:00`2015-08-30 00:00:00`롯데카드 아트센터(구.인터파크 아트센터)`연극`서울`아동(24개월 이상~만 19세 이하) 25,000원 성인(만 20세 이상) 15,000원`http://www.lottecardartcenter.com/artcenter/performance/performance_detail.asp?PlayNo=69479&EntGoodsCode=14011268``http://www.culture.go.kr/upload/rdf/0400011410_69479_01.gif`http://ticketimage.interpark.com/Play/image/etc/14/14011268-04.jpg`126.913782048638`37.5509352267036`http://www.lottecardartcenter.com`서울 마포구 서교동 490번지 인터파크 아트센터`2139
585`98546`이주아의 씨앗과 함께 만나는 사계절 놀이터 '콩알콩알'`2014-12-13 00:00:00`2015-03-01 00:00:00`경기도문화의전당`미술`경기`어린이 16,000원 / 어른 10,000원 / 단체 11,000원`http://www.ggac.or.kr/category/sub1/sub1_1_view.asp?szidSchedule=8588&nYear=2014&nMonth=12&nDay=&srcVcWhere=&srctype=C`070-4641-8641`http://www.ggac.or.kr/upload/play/8588/콩알콩알포스터420x600.jpg`http://ggac.or.kr/upload/bbs/상세페이지-수원2_1.jpg`127.03757137856898`37.26158548996453`http://www.ggac.or.kr/`경기 수원시 팔달구 인계동 1117번지 경기도문화의전당`1048
586`99357`TOKYO TDC 2014`2014-12-13 00:00:00`2015-01-31 00:00:00`삼원페이퍼갤러리`미술`서울``http://www.designdb.com/exhibit/exhibitionView.asp?page=1&eGb=1&sGb=&pGb=&pro=&startDate=&endDate=&sTxt=&oDm=0&oDCd=DESC&searchGb=&frmDate=&viewDay=&page2=1&CURDATE=&eid=28860`02-468-9008`http://file.designdb.com/exhibit/10/S/13216320141210104604.jpg`http://file.designdb.com/EDITOR/10/13216320141210104447.jpg`127.0789205124567`37.55779159269888`http://www.papergallery.co.kr/`서울특별시 광진구 천호대로 543-0 삼원페이퍼갤러리`2553
587`97311`뮤지컬 로보카폴리3`2014-12-13 00:00:00`2015-02-01 00:00:00`서울교육문화회관`연극`서울`POLI석 55,000원  VIP석 50,000원  S석 40,000원  A석 30,000원`http://ticket.interpark.com/Ticket/Goods/GoodsInfo.asp?GoodsCode=14011392`02-738-8289`http://ticketimage.interpark.com/Play/image/large/14/14011392_p.gif`http://ticketimage.interpark.com/Play/image/etc/14/14011392-02.jpg`127.03281522286262`37.46677446850911`http://www.temfhall.co.kr/`서울 서초구 양재동  202`152
588`98292`프랑스 장식예술박물관 특별전 '파리, 일상의 유혹'`2014-12-13 00:00:00`2015-03-29 00:00:00`한가람디자인미술관`미술`서울`일반 13,000원 / 청소년(만13-18세) 11,000원 / 어린이(만 7-12세) 9,000원`http://www.sac.or.kr/program/schedule/view.jsp?seq=20592&s_date=20141213`02)737-7090`http://www.sacticket.co.kr/webhome/upload/20141104173922P.jpg`/upload/editor_upload/1421022009684.jpg`127.01524711323691`37.481085741276914`http://www.sac.or.kr/ `서울 서초구 서초동  700`1160
589`99678`간송문화전 3부 : 진경산수화 - 우리 강산, 우리 그림`2014-12-14 00:00:00`2015-05-10 00:00:00`동대문 DDP디자인박물관`미술`서울`일반(성인) 8,000원 / 학생(25%) 6,000원 / 학생단체할인(50%) 4,000원`http://www.ddp.or.kr/EP010001/getDetailPage.do`02-2153-0000`http://www.ddp.or.kr/files/images/si/b_3.jpg``126.9792095575408`37.565380906539616`http://www.seouldesign.or.kr/main/mainType3.jsp`서울 중구 을지로7가 2-1 동대문역사문화공원`2329
590`99362`간송문화전 3부：진경산수화`2014-12-14 00:00:00`2015-05-10 00:00:00`동대문 DDP디자인박물관`미술`서울`일반(성인) 8,000원 / 학생(25%) 6,000원 / 학생단체할인(50%) 4,000원`https://www.seouldesign.or.kr/bbs2/view.jsp?seq=3677&code=001008&event_code=12`1644-1328, 1544-1555`http://www.culture.go.kr/upload/rdf/2015-01-20 15;15;00.PNG`http://www.seouldesign.or.kr/upload_files/upload_thumbnail/20150113_171149_0.jpg`126.9792095575408`37.565380906539616`http://www.seouldesign.or.kr/main/mainType3.jsp`서울 중구 을지로7가 2-1 동대문역사문화공원`2329
591`99594`러시아 연해주 문물전 프리모리예`2014-12-16 00:00:00`2015-02-22 00:00:00`한성백제박물관`미술`서울``http://baekjemuseum.seoul.go.kr/module/index.jsp?boardid=a&code=DP&mmode=content&mpid=SBM0203000000&pid=8575&strsearch=&d_s_que=&cpage=1`02-2151-5916`http://baekjemuseum.seoul.go.kr/upfile/culture/1417481643880_0_png`/upload/editor_upload/1422253293896.PNG`127.12085879787737`37.51539829953224`http://baekjemuseum.seoul.go.kr/`서울 송파구 방이동  방이동 88-20`2567
592`98737`연극 - 봄이 오면 산에 들에`2014-12-16 00:00:00`2015-01-11 00:00:00`압구정 아트홀(구 오퍼스 아트홀)`연극`서울`일반 3만원, 학생 2만원``070-4066-3909`http://www.culture.go.kr/upload/rdf/1418707590989KakaoTalk_20141216_150955112.jpg`/upload/editor_upload/23d0d902-ff45-4671-956c-ef41493544bd.jpg`127.02739410414564`37.52277310132369`http://blog.naver.com/opusarthall/198706213`서울특별시 강남구 도산대로27길 43-0 오퍼스 아트홀`2545
593`98739`젊은모색 2014`2014-12-16 00:00:00`2015-03-29 00:00:00`국립현대미술관(과천관)`미술`경기`2,000원`http://www.mmca.go.kr/exhibitions/exhibitionsDetail.do?menuId=1010000000&exhId=201412030000190`02-2188-6000`http://www.mmca.go.kr/upload/exhibition/2014/12/2014121604410765615000.jpg``127.01993068528743`37.431004962285925`http://www.moca.go.kr/`경기도 과천시 광명로 313-0 국립현대미술관 과천관`985
594`98593`아프리카 나우: Political Patterns`2014-12-16 00:00:00`2015-02-15 00:00:00`서울시립미술관 서소문본관`미술`서울`무료`http://sema.seoul.go.kr/korean/exhibition/exhibitionView.jsp?seq=374&pDateGubun=NEXT`신은진 (☎ 02-2124-8939)`http://sema.seoul.go.kr/data/display/DP_374.jpg``126.97444302681923`37.56431018013386`http://sema.seoul.go.kr/`서울 중구 서소문동 37`1387
595`99447`광주 영아티스트 - Question`2014-12-16 00:00:00`2015-02-22 00:00:00`광주시립미술관 GMA갤러리`미술`서울``http://www.artmuse.gwangju.go.kr/contents.do?S=S26&M=020113000000`062-613-7100`http://211.252.37.150/data/exhibit/image/2014/d-2014-12-4_4.jpg``126.97982690419143`37.576228996824604`http://www.artmuse.gwangju.go.kr/contents.do?S=S26&M=010501000000`서울특별시 종로구 율곡로 1번지`2559
596`97658`국립중앙박물관 소장 탑본 [서예의 길잡이 중국 법첩]`2014-12-16 00:00:00`2015-03-15 00:00:00`국립중앙박물관`미술`서울``http://www.museum.go.kr/site/main/exhiSpecialTheme/view/past?exhiSpThemId=4162&listType=list`02-2077-9558`http://www.museum.go.kr/uploadfile/ecms/media/special/2015/10/48075c123b1be914afd28b72643d4482.jpg``126.99468917608675`37.52055008681608`http://www.museum.go.kr`서울 용산구 서빙고동 135`984
597`98310`호랑이 오빠 얼쑤`2014-12-17 00:00:00`2015-01-31 00:00:00`국립극장 별오름극장`연극`서울`전석 25,000원`http://www.ntok.go.kr/user/jsp/ua/ua01_1db02v.jsp?pfmc_inf_idx=1314&year=2014&month=12&day=20&`010-8273-0712`http://www.culture.go.kr/upload/rdf/tiger.jpg`http://www.ntok.go.kr/user/img/board/title_per_explan1.gif`127.00013189885148`37.55287070523496`http://www.ntok.go.kr/user/jsp/uc/uc03_4ht01i.jsp``1232
598`99189`연극 가족입니다`2014-12-17 00:00:00`2015-01-25 00:00:00`꿈꾸는 공작소`연극`서울`30,000원`http://xn--vk1br5hppx9qddtd.com/univticket/tuniv/ccontents/view.do?rbsIdx=27&contentsCode=20141031004`010-8530-8205`http://대학로티켓.com/univticket/rbs/data/files/ccontents/1/201411201242591.jpg`http://대학로티켓.com/univticket/rbs/data/files/ccontents/1/editor/201410311209320.jpg`127.0002988332769`37.586899226785434`http://blog.naver.com/factory2011/`서울 종로구 혜화동  74-12`2138
599`98876`행복을 부르는 양`2014-12-17 00:00:00`2015-02-23 00:00:00`국립민속박물관`미술`서울``http://nfm.go.kr/Display/disIng_view.nfm?seq=690`02-3704-3114`http://nfm.go.kr/_Upload/EXHIBITION/2014sheep_poster-s.jpg`/upload/editor_upload/1419577288895.PNG`126.9768506947393`37.58084923772437`http://www.nfm.go.kr/`서울 종로구 세종로  1-1번지(경복궁내)`177
600`99441`고국으로 돌아온 데라우치문고`2014-12-17 00:00:00`2015-02-22 00:00:00`국립고궁박물관`미술`서울``http://www.gogung.go.kr/gallery.do?cmd=galleryAroundForm&menu=17&gallery_seq=00012214JQ`02-3701-7500`http://www.gogung.go.kr/image/upload_img/attcfiles/20141216/20141216_165036_67.jpg`http://www.gogung.go.kr/image/upload_img/crosseditor/images/000002/20141216164546729_0MI7TBFB.jpg`126.97540287828959`37.57717650452814`http://www.gogung.go.kr/``186
601`99684`동아시아국제교류전 Asia Independent Art`2014-12-17 00:00:00`2015-02-28 00:00:00`김해문화의전당`미술`경남`무료`http://renewal2011.gasc.or.kr/exhibition/schedule_view.asp?PLAY_CODE=0001690&page=1`055)320-1226`https://www.gasc.or.kr/uploads/play/02(11).jpg`http://renewal2011.gasc.or.kr/images/icon_02.gif`128.86941252920488`35.24373489055957`http://www.gasc.or.kr/`경남 김해시 내동1130∼1172 김해문화의전당`2384
602`97391`뮤지컬 '노트르담 드 파리' 오리지널팀 내한공연(French Version)`2014-12-18 00:00:00`2015-01-04 00:00:00`대구 계명아트센터`연극`대구`VIP 150,000원 / OP,R 130,000원 / S 110,000원 / A 100,000원 / B 80,000원 / C 60,000원`http://www.kmuartcenter.kr/html/play/detail.html?idx=262`053)422-4224`http://ticketimage.interpark.com/PlayDictionary/DATA/PlayDic/PlayDicUpload/040001/14/09/0400011409_67464_011.gif`http://www.kmuartcenter.kr/data/1411130333.jpg`128.48940972524804`35.855430495620574`http://www.kmuartcenter.kr/index.html`대구 달서구 신당동 1000-2`2039
603`99592`전북청년작가展`2014-12-18 00:00:00`2015-02-08 00:00:00`전북도립미술관`미술`전북``http://www.jma.go.kr/korean/SubPage.php?CID=exhibition/exhibitionview.php&s_status=1&dp_gubun=3&dp_id=594`063-290-6874`http://www.culture.go.kr/upload/rdf/2015-01-26 15;13;05.PNG``127.10703833802441`35.728041727125635`http://www.jma.go.kr/`전북 완주군 구이면 원기리 1068-7번지 전북도립미술관`2565
604`99706`갑신정변 130주년 기념 특별기획전 '새로운 세상을 꿈꾼 젊은 그들'`2014-12-18 00:00:00`2015-02-22 00:00:00`수원박물관`미술`경기``http://swmuseum.suwon.go.kr/html/02exhibit_04_view.jsp?exhibit_division=00150001&seq=119&page=1&bloc`031.228.4134`http://www.culture.go.kr/upload/rdf/gapsin130.jpg`http://swmuseum.suwon.go.kr/upload_file/exhibit/갑신정변_포스터600x900.jpg`127.03527936946435`37.29747280653223`http://museum.suwon.ne.kr/`경기 수원시 영통구 이의동 이의동 1088-10`2575
605`98740`난지 8기 리뷰전 '팔로우-미'`2014-12-18 00:00:00`2015-01-18 00:00:00`서울미술관`미술`서울`무료`http://sema.seoul.go.kr/korean/exhibition/exhibitionView.jsp?seq=384&pDateGubun=NEXT`02-2124-8941`http://sema.seoul.go.kr/data/display/DP_384.jpg``126.96324469205399`37.59459579556059`http://www.seoulmuseum.org/`서울 종로구 부암동 201번지`2317
606`98571`2014 서울포커스 '광고는 메시지'`2014-12-18 00:00:00`2015-02-08 00:00:00`서울시립미술관 북서울미술관`미술`서울`무료`http://sema.seoul.go.kr/korean/exhibition/exhibitionView.jsp?seq=381&pDateGubun=NEXT`김채하 (☎ 2124-5271)`http://sema.seoul.go.kr/data/display/DP_381.jpg``127.06711084341818`37.64011702188844`http://sema.seoul.go.kr/korean/information/bukseoul.jsp`서울 노원구 중계동  508`2554
607`99483`신진작가전 2015 Portfolio for Future`2014-12-19 00:00:00`2015-02-22 00:00:00`갤러리 화이트블럭`미술`경기``http://www.whiteblock.org/exhibition_current_01.html`031-992-4400`http://www.culture.go.kr/upload/rdf/2015portfolio.PNG`http://www.whiteblock.org/images/exhibition/2015%20portfolio/works/01.jpg`126.69944746883834`37.789016111224434`http://www.whiteblock.org`경기 파주시 탄현면 법흥리 경기도 파주시 탄현면 법흥리 1652-238`2561
608`99702`개관 3주년 기념 2014 미술여행-4, 겨울 프로젝트 꿈의 나라, 양평展`2014-12-19 00:00:00`2015-03-01 00:00:00`양평군립미술관`미술`경기``http://ymuseum.go.kr/Jsource/Jboard/content.asp?ji_num=15&jb_ing=1&jb_tidx=0&jb_user=27&jb_idx=2336&jb_ref=2336&gotopage=1&folder_name=Jboard&screen_width=1680`031-775-8515`http://ymuseum.go.kr/data/a_Jboard/00015/Thumbnail/12.19%20최종수정포스터.jpg.jpg``127.48413427993333`37.49706067982086`http://ymuseum.go.kr/`경기 양평군 양평읍 양근리 양근리 543`2574
609`99703`[개관 3주년 기념] 양평군립미술관 풍성한 상차림`2014-12-19 00:00:00`2015-03-01 00:00:00`양평군립미술관`미술`경기``http://ymuseum.go.kr/Jsource/Jboard/content.asp?ji_num=15&jb_ing=1&jb_tidx=0&jb_user=27&jb_idx=2271&jb_ref=2271&gotopage=1&folder_name=Jboard&screen_width=1680`031-770-2473`http://ymuseum.go.kr/data/a_Jboard/00015/Thumbnail/1.다비드_박찬걸(수정).JPG.jpg``127.48413427993333`37.49706067982086`http://ymuseum.go.kr/`경기 양평군 양평읍 양근리 양근리 543`2574
610`99704`개관 3주년 기념, 2014 야외설치미술전-2, 드림 라이트(Dream Light)전`2014-12-19 00:00:00`2015-03-01 00:00:00`양평군립미술관`미술`경기``http://ymuseum.go.kr/Jsource/Jboard/content.asp?ji_num=15&jb_ing=1&jb_tidx=0&jb_user=27&jb_idx=2335&jb_ref=2335&gotopage=1&folder_name=Jboard&screen_width=1680`031-770-2473`http://www.culture.go.kr/upload/rdf/dreamlight.jpg`http://cfile26.uf.tistory.com/image/2354694E5493EBD20DA2E5`127.48413427993333`37.49706067982086`http://ymuseum.go.kr/`경기 양평군 양평읍 양근리 양근리 543`2574
611`99707`나라의 기틀을 세운, 조선무과展`2014-12-19 00:00:00`2015-03-22 00:00:00`부천교육박물관`미술`경기``http://www.bcmuseum.or.kr/nuri/bbs/bbs.php?pidx=132426853836&didx=5&s_cate=&sub_type=view&b_idx=91`032-614-2678`http://www.culture.go.kr/upload/rdf/chosunmugwa.jpg`http://www.bcmuseum.or.kr/data/bbs/plan_exhibit/91/1420707450911.jpg`126.7989838429391`37.50186659019255`http://www.bcmuseum.or.kr/ `경기 부천시 원미구 춘의동   8 `1278
612`99306`별난 공놀이 체험전 - 2015 롤링볼 뮤지엄 전주 특별전`2014-12-20 00:00:00`2015-03-01 00:00:00`한국소리문화의전당`미술`전북`유아초중고 13,000원 성인 10,000원 (24개월미만 증명증제시시 무료입장)`http://www.sori21.co.kr/index.sko?menuCd=AA01001002003&dataSid=48473&searchWord=&keyword=&backMenuCd=AA01001002000`063)270-8000, 7844`http://www.sori21.co.kr/rfc/board/thumbnail/AA/sori_show/142077162211266.jpg`http://www.sori21.co.kr/upload_data/UserImages/AA/sori_show/14212223817890.jpg`127.13932777270412`35.85477405440305`http://www.sori21.co.kr/`전북 전주시 덕진구 덕진동1가 산1-1`1295
613`97388`번개맨의 비밀2  '우리 영웅 번개맨'`2014-12-20 00:00:00`2015-01-31 00:00:00`한전아트센터`연극`서울`VIP 55,000 / R 44,000 / S 33,000`http://cyber.kepco.co.kr/kepco/AR/A/ARAPP001/viewPlay.do?menuCd=FN1001010101`02-507-7715`http://www.culture.go.kr/upload/rdf/getImage.gif`/upload/editor_upload/1414041959329.png`127.0279974100664`37.48570030294226`http://cyber.kepco.co.kr/kepco/AR/main.do?menuCd=FN10`서울 서초구 서초동 1355`1215
614`99354`김유섭 원초의 풍경`2014-12-20 00:00:00`2015-02-01 00:00:00`광주시립미술관 상록전시관`미술`광주``http://www.designdb.com/exhibit/exhibitionView.asp?page=1&eGb=1&sGb=&pGb=&pro=&startDate=&endDate=&sTxt=&oDm=0&oDCd=DESC&searchGb=&frmDate=&viewDay=&page2=1&CURDATE=&eid=29017`062-613-7100`http://file.designdb.com/exhibit/10/S/13216320141226110038.jpg`http://file.designdb.com/EDITOR/10/13216320141226110009.jpg`126.88840122684987`35.15501267620708`http://artmuse.gwangju.go.kr`광주광역시 서구 상무대로 1165 상무대로 1165`2177
615`99431`쉽Sheep게 즐기는 양羊`2014-12-20 00:00:00`2015-12-18 00:00:00`경기도박물관`미술`경기``http://musenet.ggcf.kr/archives/exhibit/2015sheep?term=70`경기도박물관 학예팀 031-288-5365`http://musenet.ggcf.kr/wp-content/uploads/sites/2/2015/01/3.-박물관-속-양떼목장-1024x680.jpg`/upload/editor_upload/1421824734199.PNG`127.10853042069812`37.26782123563192`http://www.musenet.or.kr/`경기 용인시 기흥구 상갈동  85`408
616`98848`원피스 특별기획전 - 부산`2014-12-20 00:00:00`2015-03-14 00:00:00`부산 벡스코(BEXCO)`미술`부산`성인(만18세 이상) 15,000원 / 아동,청소년(만18세 미만) 12,000원``1544-1555`http://www.culture.go.kr/upload/rdf/onepiec.PNG`http://www.opml.co.kr/img/main_top.jpg`129.13544269274075`35.16884832705256`http://www.bexco.co.kr/`부산 해운대구 우동 1291`1256
617`99271`Variety(버라이어티)`2014-12-22 00:00:00`2015-02-15 00:00:00`성남아트센터`미술`경기`무료`http://www.snart.or.kr/web/show/view/?MENUMST_ID=21447&type=month&show_type=exihib&SNA_SHOW_IDX=4102`1544-8117`http://www.snart.or.kr/upload/image/20141218/C10A66D6E433452294D0236FAF215C7C.jpg`http://www.snart.or.kr/file/viewImage/?atch_id=10983`127.13076520309527`37.402445919906164`http://www.snart.or.kr`경기 성남시 분당구 야탑동 757번지`1045
618`98632`어린이 영어뮤지컬 '구름빵'`2014-12-23 00:00:00`2015-02-15 00:00:00`강동아트센터`연극`서울`전석 3만원 (조기예매특가 평일 1만2천원, 주말 1만5천원)`http://www.gangdongarts.or.kr/pro_program.do?idx=828`강동아트센터 02)440-0500, 문화아이콘 1666-5795`http://www.gangdongarts.or.kr/upload/program/828/20141223_cloud_main.jpg`http://www.gangdongarts.or.kr/upload/editor/20141124/20141223_cloud_detail.jpg`127.15752302125696`37.55112065180959`http://www.gangdongarts.or.kr/main.do#`서울 강동구 상일동 477`2102
619`98692`제8회 KT&G 상상마당 레이블마켓`2014-12-23 00:00:00`2015-02-14 00:00:00`상상마당 전시실`미술`서울`무료`http://sangsangmadang.com/Library/gallery/grView.asp?seq=267&page=1`02-330-6223`http://sangsangmadang.com/HubFileUploadData/201412/gallery/20141205201746.jpg`http://admin.sangsangmadang.com/uriaeditor40/userdata/2014/12/bb7a7134ec834102bf8384d01a2425da-4230.jpg`0`0```0
620`99139`[기증문화재 테마전시]“시(詩)·서(書)·화(畵)로 풍류를 즐기다”`2014-12-23 00:00:00`2015-03-31 00:00:00`국립공주박물관`미술`충남`무료`http://gongju.museum.go.kr/_prog/special_exhibit/index.php?site_dvs_cd=kr&menu_dvs_cd=0302&gubun=&GotoPage=&mode=V&mng_no=144359`041-850-6363`http://gongju.museum.go.kr/Upl/kr/special_exhibit/special_exhibit_0_1417393613.png``127.11216995334125`36.46551495360136`http://gongju.museum.go.kr/`충남 공주시 웅진동  360번지`172
621`99122`2014 꿈의숲 아트페스티벌 선정작 전시회`2014-12-23 00:00:00`2015-02-15 00:00:00`드림갤러리`미술`서울`무료`http://www.dfac.or.kr/Performance/view.asp?page=1&searchType=M&currentYear=2015&currentMonth=02&currentDay=20150114&currentPerform=^&currentPlace=^&currentGenre=^&currentTxt=&idx=934`02-2289-5401`http://www.dfac.or.kr/pds/perform/메인P.jpg`http://www.dfac.or.kr/pds/ckeditor/upload20141217_143927_0474834.jpg`126.98632584364816`37.57266627098684`http://gallerydream.pe.kr/`서울 강북구 번동  산28-6번지`2048
622`99181`사랑에 스치다`2014-12-23 00:00:00`2015-01-18 00:00:00`설치극장 정미소`연극`서울`30,000원`http://xn--vk1br5hppx9qddtd.com/univticket/tuniv/ccontents/view.do?rbsIdx=27&contentsCode=20141217001`070-8780-0096`http://대학로티켓.com/univticket/rbs/data/files/ccontents/1/201412171215491.jpg`http://대학로티켓.com/univticket/rbs/data/files/ccontents/1/editor/201412172034020.jpg`127.00473215815143`37.578242514171606`http://www.jungmiso.com/`서울 종로구 동숭동   199-17 `1323
623`98724`블라디미르 쿠쉬전`2014-12-23 00:00:00`2015-04-04 00:00:00`한가람미술관`미술`서울`성인 12,000원 / 청소년(만13세-18세) 9,000원 / 어린이 7,000원`http://www.sac.or.kr/program/schedule/view.jsp?seq=19358&s_date=20150218`02-784-2117`http://www.sacticket.co.kr/webhome/upload/20141209163904P.jpg`http://www.sacticket.co.kr/webhome/upload/editor/20141209180516005.jpg`127.01421586148933`37.48024251888776`http://www.sac.or.kr/space/info/hangaram.jsp`서울 서초구 서초동  700번지  `1488
624`98941`2015 테디베어 월드 뮤지엄 광주특별전`2014-12-24 00:00:00`2015-02-23 00:00:00`김대중컨벤션센터`미술`광주``http://www.kdjcenter.or.kr/kdj/cms/sche_view.php?no=43122`1544-0412(쇼티켓), 062-650-3046`http://www.culture.go.kr/upload/rdf/ted.jpg``126.84050700008815`35.1468015627613`http://www.kdjcenter.or.kr`광주 서구 치평동  1159-2`2035
625`98940`히어로 어셈블전`2014-12-25 00:00:00`2015-02-22 00:00:00`김대중컨벤션센터`미술`광주`-대인 : 15,000원 / -소인 : 12,000원`http://www.kdjcenter.or.kr/kdj/cms/sche_view.php?no=40589`1600-6689`http://www.culture.go.kr/upload/rdf/superhero.jpg`http://ticketimage.interpark.com/Play/image/etc/14/14014311-02.jpg`126.84050700008815`35.1468015627613`http://www.kdjcenter.or.kr`광주 서구 치평동  1159-2`2035
626`99686`제16회 천체사진전시회 [하늘길]`2014-12-26 00:00:00`2015-02-27 00:00:00`경주예술의전당`미술`경북`-`http://www.gjartcenter.kr/pages/sub.jsp?menuIdx=16&page=/pages/schedule/scheduleView.jsp&idx=1287&selectYear=2015&selectMonth=2`1588-4925`http://www.gjartcenter.kr/upfiles/performance_exhibit/2015/1/20150128161204_1.jpeg`http://www.gjartcenter.kr/userfiles/image/포스터.jpeg`129.20626470767144`35.86231073657831`http://www.gjartcenter.kr`경북 경주시 황성동 988번지`2084
627`98744`도시의 빛`2014-12-27 00:00:00`2015-01-25 00:00:00`서울시민청`미술`서울``http://blog.naver.com/simincheong/220211804402`02)120`http://seoulcitizenshall.kr/nr/files/2014/12/07/4a17167209a8e79bb37ae2b085125a0d200803.jpg`http://seoulcitizenshall.kr/nr/files/2014/12/07/ab6ea39e5cba94b682029ec2de3732e4200850.jpg`126.97782838162229`37.5663176911162`http://www.seoulcitizenshall.kr`서울특별시 중구 세종대로 110-0 서울특별시시민청`2398
628`99194`연극 발레선수`2014-12-27 00:00:00`2015-02-01 00:00:00`대학로 뮤지컬센터`연극`서울`R석 40,000원 / S석 25,000원`http://xn--vk1br5hppx9qddtd.com/univticket/tuniv/ccontents/view.do?rbsIdx=27&contentsCode=20141226001`02-548-0597~8`http://대학로티켓.com/univticket/rbs/data/files/ccontents/1/201412261123351.jpg`http://대학로티켓.com/univticket/rbs/data/files/ccontents/1/editor/201412261120140.jpg`127.00441085125365`37.58287636949156`http://dmusicalcenter.com/`서울 종로구 동숭동 25-5번지 동숭길 100`2162
629`99191`딸기가 좋아`2014-12-29 00:00:00`2015-03-29 00:00:00`대학로 소리아트홀`연극`서울``http://www.sorihall.com/p2_kid_1.htm`02-766-2022`http://www.culture.go.kr/upload/rdf/ddalgi.PNG`http://www.sorihall.com/program/p2_kid/sub2_1.jpg`127.002078632535`37.5842503337663`http://www.sorihall.com/`서울 종로구 혜화동 90-18 뉴시티빌딩 4층`959
630`99009`바람난 미술2`2014-12-30 00:00:00`2015-01-25 00:00:00`서울시민청`미술`서울``https://seoulcitizenshall.kr:444/nr/?c=2/11/55&uid=1086`120`http://seoulcitizenshall.kr/nr/files/2014/12/30/c500aa05127d238ae57814930d0b6d92100600.jpg``126.97782838162229`37.5663176911162`http://www.seoulcitizenshall.kr`서울특별시 중구 세종대로 110-0 서울특별시시민청`2398
631`99197`어린이 캣츠`2014-12-30 00:00:00`2015-02-15 00:00:00`대학로 소리아트홀`연극`서울``http://www.sorihall.com/p1_kid.htm`02-766-2022`http://www.culture.go.kr/upload/rdf/cats.PNG`http://www.sorihall.com/program/p1_kid/sub2.jpg`127.002078632535`37.5842503337663`http://www.sorihall.com/`서울 종로구 혜화동 90-18 뉴시티빌딩 4층`959
632`98727`연극 '멜로드라마' Melodrama`2014-12-31 00:00:00`2015-02-15 00:00:00`예술의전당 자유소극장`연극`서울`1층 지정석 5만원 / 2,3층 자유석 3만5천원`http://www.sac.or.kr/program/schedule/view.jsp?seq=24415&s_date=20150201`02)762-0010`http://www.sacticket.co.kr/webhome/upload/20141209095559P.jpg`http://www.sacticket.co.kr/webhome/upload/editor/20141209092513949.jpg`127.01421586148933`37.48024251888776`http://www.sac.or.kr/`서울 서초구 서초동  700번지 `1578
633`101015`수상한 흥신소 1탄`2015-01-01 00:00:00`2015-12-31 00:00:00`익스트림씨어터1관`연극`서울`전석 30,000원`http://ticket.interpark.com/Ticket/Goods/GoodsInfo.asp?GoodsCode=13010865`익스트림플레이 070-8129-7420`http://www.culture.go.kr/upload/rdf/1427334880335[대학로] SH1_225x282.jpg`http://ticketimage.interpark.com/Play/ITM/Data/Modify/2015/3/2911.jpg`127.00215560609931`37.582703441474`http://cafe.naver.com/extremeplay2010`서울특별시 종로구 대학로 128 21세기빌딩 5층`2613
634`101950`대학로명품코믹연극 <죽여주는이야기>`2015-01-01 00:00:00`2015-12-31 00:00:00`대학로 삼형제극장`연극`서울`정가 30,000원`http://ticket.interpark.com/Ticket/Goods/GoodsInfo.asp?GoodsCode=14013629`02-6326-1333 단체문의010-8993-2359`http://www.culture.go.kr/upload/rdf/1434246136596문화포털 베너.jpg`/upload/editor_upload/21e2fca4-ffef-453c-a3f1-5a17bb3bdc5b.jpg`127.00465059506952`37.57850834243463`http://cafe.naver.com/teum2013`서울 종로구 동숭동  199-33 2층 삼형제극장`2649
635`100732`쿵 페스티벌`2015-01-01 00:00:00`2015-12-31 00:00:00`홍대 비보이 전용극장`연극`서울`전석 55,000원`http://ticket.interpark.com/Ticket/Goods/GoodsInfo.asp?GoodsCode=11013118`02-323-5233`http://www.culture.go.kr/upload/rdf/11013118_p.gif`/upload/editor_upload/0f8901e1-d7c4-4a53-b432-77bb0fdcae74.jpg`126.92671984641544`37.55355333226389`http://www.sjbboys.com/`서울 마포구 서교동 338-8`2235
636`98920`배비장전(1월)`2015-01-01 00:00:00`2015-01-31 00:00:00`정동극장`연극`서울`VIP석 60,000원 R석 50,000원 S석 40,000원`http://www.jeongdong.or.kr/play/miso1/introduce.do`02-751-1500`http://www.culture.go.kr/upload/rdf/14005172_p.gif`https://www.culture.go.kr:8900/upload/editor_upload/1415063445364.jpg`126.97284421986274`37.56593518651228`http://www.chongdong.com`서울 중구 정동길 43`59
637`99701`정시영 초대전 Birch-white soul`2015-01-01 00:00:00`2015-03-30 00:00:00`미술관 자작나무숲`미술`서울`-`http://www.jjsoup.com/bbs/view.php?id=exhibition&page=1&sn1=&divpage=1&sn=off&ss=on&sc=on&select_arrange=headnum&desc=asc&no=92`033-342-6833`http://www.culture.go.kr/upload/rdf/Birch-white soul.png`http://www.jjsoup.com/bbs/data/exhibition/2015.01~03.정시영초대전.gif`128.05000184550042`37.492762790780745`http://www.jjsoup.com/`강원 횡성군 우천면 두곡리  5`2573
638`99428`온가족이 즐기는 수상한 박물관`2015-01-01 00:00:00`2015-06-30 00:00:00`경기도박물관`기타`경기`성인 16.000원, 어린이 13,000원`http://musenet.ggcf.kr/archives/education/2015magicshow`대표전화 031-288-5300 / 관람안내 031-288-5400`http://musenet.ggcf.kr/wp-content/uploads/sites/2/2015/01/포스터1.jpg`/upload/editor_upload/1421824569937.PNG`127.10853042069812`37.26782123563192`http://www.musenet.or.kr/`경기 용인시 기흥구 상갈동  85`408
639`99755`상설기획전시「기증 소장품 상설展」 `2015-01-01 00:00:00`2015-02-28 00:00:00`울산광역시문화예술회관`미술`울산`무료`http://www.ucac.or.kr/info01_view.html?p_team=exh&pfmIng=1&p_idx=2078`052)226-8251~3`http://ticket.ucac.or.kr/upload/pfm/201412/pImg2078_1.jpg``129.327074174873`35.5428966574288`http://www.ucac.or.kr/`울산 남구 달동 울산문화예술회관 413-13`142
640`98942`무지개물고기&오감만족체험전`2015-01-01 00:00:00`2015-03-01 00:00:00`김대중컨벤션센터`미술`광주``http://www.kdjcenter.or.kr/kdj/cms/sche_view.php?no=43973&this_year=2015&this_month=&this_day=&this_eyear=2015&this_emonth=&this_eday=&stype_search=&keykind=&keyword=&stype_search=&check_year=0&stype_search=&check_year=0&page=1`062-611-3220`http://www.culture.go.kr/upload/rdf/rainbow.jpg`/upload/editor_upload/1420419531314.PNG`126.84050700008815`35.1468015627613`http://www.kdjcenter.or.kr`광주 서구 치평동  1159-2`2035
641`98547`연희단 팔산대‘무풍’앵콜`2015-01-01 00:00:00`2015-01-03 00:00:00`국립극장 KB청소년하늘극장`국악`서울`R석 30,000원 (전석 균일가) *36개월 이상`http://www.ntok.go.kr/user/jsp/ua/ua01_1db02v.jsp?pfmc_inf_idx=1332&year=2015&month=1&day=01&`1644-8609`http://www.ntok.go.kr/data/upload/aa/20141201164701280010.jpg``127.00013189885148`37.55287070523496`http://www.ntok.go.kr/user/jsp/uc/uc03_5ht01i.jsp``1320
642`99473`연극 배고파4`2015-01-01 00:00:00`2015-12-31 00:00:00`대학로 연진아트홀`연극`서울`정가 30,000  (문화가 있는 날 9,000원)`http://ticket.interpark.com/Ticket/Goods/GoodsInfo.asp?GoodsCode=10004696&tid1=search_auto_sub&tid2=search_auto_sub&tid3=detail&tid4=10004696`02-747-1912 / 010-6698-1912 / 010-6877-1912`http://www.culture.go.kr/upload/rdf/1421894874645hungry4_2015 크기수정.jpg`/upload/editor_upload/1421901224698.jpg`127.00528922065818`37.58036075915896`http://iflame.co.kr/`서울 종로구 동숭동 31-9 연진아트홀`2374
643`102427`충무공이야기 상설전시`2015-01-01 00:00:00`2015-12-31 00:00:00`세종이야기.충무공이야기 전시장`미술`서울`무료`http://www.sejongpac.or.kr/performance/view.asp?langCode=001&currentYear=2015&currentMonth=07&currentDay=20150703&sval=&currPage=1&performIdx=23702&performCode=ssde1501070944001&listType=2&bcode=&placeCode=&genreCode=&artGroupCode=&menuNum=010101&searchGubun=CALENDAR_DAY`세종문화회관 교육전시팀 02-399-1177~8`http://www.sejongpac.or.kr/upload/PERFORM1/150107_sj_cmg218.jpg`http://www.sejongpac.or.kr/upload/fckFilesimage/2013220111616/130220_sj_lee600.jpg`126.97616952060991`37.57184948053931`http://www.sejongpac.or.kr/sejong/installation/sejong08.asp`서울특별시 종로구 세종대로 175-0 세종이야기.충무공이야기 전시장`2168
644`103025`연극 옥탑방고양이`2015-01-01 00:00:00`2015-12-31 00:00:00`대학로 틴틴홀`연극`서울`일반석 30,000원 로맨틱석 30,000원`http://ticket.interpark.com/Ticket/Goods/GoodsInfo.asp?GoodsCode=15002659`02-764-8760`http://www.culture.go.kr/upload/rdf/show_2015081714194108117.gif`/upload/editor_upload/63ec0661-5ef1-4b21-a5f5-9db5a8cf4692.jpg`127.00353224390118`37.58160689914701``서울 종로구 동숭동  1-74 티제이스페이스빌딩 6층 `1404
645`103194`블링블링`2015-01-01 00:00:00`2015-08-31 00:00:00`키득키득아트홀`연극`서울`전석 35,000원  `http://ticket.interpark.com/Ticket/Goods/GoodsInfo.asp?GoodsCode=15007178`02-3673-1590`http://ticketimage.interpark.com/Play/image/large/15/15007178_p.gif`http://ticketimage.interpark.com/Play/ITM/Data/Register/2013/12/1307.jpg`127.00430660347594`37.5813122485076``서울특별시 종로구 동숭길 68 키득키득아트홀`2709
646`104181`뮤지컬 락앤롤`2015-01-01 00:00:00`2015-12-31 00:00:00`대학로 오씨어터`연극`서울`전석 30,000원`http://ticket.interpark.com/Ticket/Goods/GoodsInfo.asp?GoodsCode=13012381`02-765-9524`http://ticketimage.interpark.com/Play/image/large/13/13012381_p.gif`http://ticketimage.interpark.com/Play/image/etc/15/13012381-01.jpg`127.0004800259266`37.58207997266222`http://www.playdb.co.kr/placedb/PlacedbInfo.asp?PlacecCD=32`서울 종로구 명륜동4가  113-1 스타시티 빌딩 지하 2층`2631
647`104641`누구세요`2015-01-01 00:00:00`2015-12-31 00:00:00`호은아트홀`연극`서울`자유석 35,000원`http://ticket.interpark.com/Ticket/Goods/GoodsInfo.asp?GoodsCode=12017345`02-3673-1589`http://ticketimage.interpark.com/Play/image/large/12/12017345_p.gif`http://www.culture.go.kr:9999/upload/editor_upload/images/000001/20151201092319438_CVRX9M62.png`127.00427936316659`37.58010131385809``서울특별시 종로구 동숭길 41 호은아트홀`2758
648`99130`모래아트 체험전`2015-01-02 00:00:00`2015-03-02 00:00:00`나루아트센터`미술`서울``http://www.naruart.or.kr/Program/index.php?sub=9&mode=guest&id=10479`070-8285-7445`http://www.naruart.or.kr/gmEditor/uploaded/img/1389056214.jpg`http://www.naruart.or.kr/gmEditor/uploaded/img/1389056214.jpg`127.0706485205258`37.5375207582923`http://www.naruart.or.kr/`서울 광진구 자양동 227-344`2252
649`98519`브로콜리너마저 윤덕원 겨울 콘서트－흐린 길 서울`2015-01-02 00:00:00`2015-01-03 00:00:00`세종 M씨어터`콘서트`서울`일반석 55,000원`http://www.sejongpac.or.kr/performance/view.asp?langCode=001&currentYear=2015&currentMonth=01&currentDay=20150102&sval=&currPage=1&performIdx=23518&performCode=smpc1411201313001&listType=2&bcode=&placeCode=&genreCode=&artGroupCode=&menuNum=010101&searchGubun=CALENDAR_DAY`스튜디오 브로콜리 070-8271-5549`http://www.culture.go.kr/upload/rdf/yunduk.PNG`http://www.sejongpac.or.kr/upload/ckeditor/upload20141120_131656_0911861.jpg`126.97607473848737`37.57222482471085`http://www.sejongpac.or.kr/sejong/installation/sejong02.asp`서울 종로구 세종로 81-3 번지`1383
650`99527`이상한 나라의 이상한 미술공장`2015-01-02 00:00:00`2015-02-15 00:00:00`군포시문화예술회관`미술`경기`15,000원`http://www.gunpoart.net/index.jsp?pid=BP0202&cpage=1&gcate10=&gcate20=&keyword=&cmd=view&sid=713131`031) 258-9053`http://www.gunpoart.net/gwmsData/program/1417396399815.jpg`http://www.gunpoart.net/gwmsData/program/1417397840436.jpg`126.9273001758044`37.3662817174947`http://www.gunpoart.net/`경기 군포시 산본동 1101`1798
651`99071`국민명품 모노드라마 '염쟁이 유씨'`2015-01-02 00:00:00`2015-01-31 00:00:00`대학로 이랑씨어터`연극`서울`일반석 20,000원 / 커플석(커플(1인가)) 20,000원`http://ticket.interpark.com/Ticket/Goods/GoodsInfo.asp?GoodsCode=14014951`02-3676-3676`http://ticketimage.interpark.com/Play/image/large/14/14014951_p.gif`http://ticketimage.interpark.com/Play/image/etc/14/14014951-04.jpg`127.004288440884`37.5796985199747`http://erang.naool.com/`서울 종로구 동숭동  187-12 태림빌딩 지하층`1632
652`98545`뮤지컬 '레베카'`2015-01-03 00:00:00`2015-01-04 00:00:00`안산문화예술의 전당`연극`경기`R석_10만원, S석_8만원, A석_6만원, 날개석_4만원`http://www.ansanart.com/design/performance0101_view.asp?left=1&no=1535`080-481-4000``http://www.ansanart.com/uploadfile/upload_admin/2014/performance/20141027_Rebecca01.jpg`126.822510814416`37.3197993743072`http://www.ansanart.com/`경기 안산시 단원구 고잔동  817 안산문화예술의전당`1239
653`98520`필하모니안즈 서울 신년음악회`2015-01-03 00:00:00`2015-01-03 00:00:00`세종문화회관 세종대극장`음악`서울`R석 80,000원 / S석 50,000원 / A석 30,000원 / B석 20,000원`http://www.sejongpac.or.kr/performance/view.asp?langCode=001&currentYear=2015&currentMonth=01&currentDay=20150103&sval=&currPage=1&performIdx=23243&performCode=grpi1410171705001&listType=2&bcode=&placeCode=&genreCode=&artGroupCode=&menuNum=010101&searchGubun=CALENDAR_DAY`(사)티앤비엔터테인먼트 02-522-5973`http://www.culture.go.kr/upload/rdf/new.jpg`http://www.sejongpac.or.kr/upload/ckeditor/upload20141120_112824_0110180.jpg`126.97607473848737`37.57222482471085`http://www.sejongpac.or.kr/sejong/installation/sejong01.asp`서울 종로구 세종로 81-3`1385
654`98915`서울미술관 3시의 음악회 - 김효영, 박경훈 듀오콘서트 with 笙`2015-01-03 00:00:00`2015-01-03 00:00:00`서울미술관`국악`서울`당일 미술관 관람객에 한해 무료(관람료 9000원)`http://www.seoulmuseum.org/nr2/?m=bbs&bid=news&uid=549&c=news`서울미술관 02-395-0100`http://www.culture.go.kr/upload/rdf/14200034259511월_225x282.jpg`http://www.seoulmuseum.org/nr2/files/2015/01/01/5c10bd9981a04b05fcd293624dde3c64144227.jpg`126.96324469205399`37.59459579556059`http://www.seoulmuseum.org/`서울 종로구 부암동 201번지`2317
655`98918`2015 토요명품공연 (1월)`2015-01-03 00:00:00`2015-01-31 00:00:00`국립국악원 우면당`국악`서울`A석 20,000원 B석 10,000원`http://www.gugak.go.kr/site/program/performance/detail?menuid=001001001&performance_id=30010913`02-580-3300`http://210.95.200.119/100_ncktpa/200_Mini_Pamphlet/30010913.jpg`http://www.gugak.go.kr/userfiles/images/sat2(1).jpg`127.0095646024229`37.47820312178`http://www.gugak.go.kr/site/gugak/menu/1477.do``2352
656`98719`뮤지컬 곤，더 버스커`2015-01-03 00:00:00`2015-01-11 00:00:00`아르코예술극장 대극장`연극`서울`R석 50,000원S석 30,000원`http://ticket.interpark.com/Ticket/Goods/GoodsInfo.asp?GoodsCode=14014429`02-391-8226`http://ticketimage.interpark.com/Play/image/large/14/14014429_p.gif`http://ticketimage.interpark.com/Play/image/etc/14/14014429-03.jpg`127.00297524406676`37.58119778501754`http://www.koreapac.kr/Pages/SpaceInfo/Space_01.aspx`서울 종로구 동숭동 1-130`970
657`98951`반야삼촌`2015-01-03 00:00:00`2015-01-06 00:00:00`아르코예술극장`연극`서울`전석 20,000원`http://www.koreapac.kr/Pages/Perf/Detail/Detail.aspx?IdPerf=255242`010-2069-7202`http://www.koreapac.kr/Down/Perf/201412/1205_vanya_800.jpg``0`0```0
658`98791`미녀와 야수`2015-01-03 00:00:00`2015-01-04 00:00:00`부산시민회관`연극`부산`전석 30,000원`http://citizenhall.bisco.or.kr/01_per/per03_view.asp?reqpage=per01&code=2014-0962`02-3672-2204`http://www.culture.go.kr/upload/rdf/yasu.PNG`http://citizenhall.bisco.or.kr/upload/simin/2015010304_1.jpg`129.06512896129504`35.13883652195413`http://www.citizenhall.busan.kr/`부산 동구 범일2동  830-31`150
659`98922`마당놀이 ‘심청이 온다’`2015-01-03 00:00:00`2015-01-11 00:00:00`국립극장 해오름극장`연극`서울`VIP 7만원 R석 5만원 S석 4만원 A석 3만원`http://www.ntok.go.kr/user/jsp/ua/ua01_1db02v.jsp?menu_code=MA0130&page_nm=ua01_3db01l&page_alt=%EC%A0%84%EC%B2%B4%EC%9D%BC%EC%A0%95&pfmc_inf_idx=906`02)2280-4114~6, 단체문의(02-2280-4292,4288)`http://www.ntok.go.kr/data/upload/aa/20141110133510250010.jpg`http://www.ntok.go.kr/etc/2014/img/20141208_sim_01.jpg`126.99956606382091`37.55257517226155`http://www.ntok.go.kr/user/jsp/uc/uc03_2ht01i.jsp``1324
